signal,QPSK_12_FR_2,QPSK_12,QPSK_34
-120.0,0.0,0.0,0.0
-119.8,0.0,0.0,0.0
-119.6,0.0,0.0,0.0
-119.4,0.0,0.0,0.0
-119.2,0.0,0.0,0.0
-119.0,0.0,0.0,0.0
-118.8,0.0,0.0,0.0
-118.6,0.0,0.0,0.0
-118.4,0.0,0.0,0.0
-118.2,0.0,0.0,0.0
-118.0,0.0,0.0,0.0
-117.8,0.0,0.0,0.0
-117.6,0.00899138265675,0.0,0.0
-117.4,0.065267595454,0.0,0.0
-117.2,0.119620923725,0.0,0.0
-117.0,0.172082096221,0.0,0.0
-116.8,0.222681841692,0.0,0.0
-116.6,0.27145088889,0.0,0.0
-116.4,0.318419966565,0.0,0.0
-116.2,0.363619803468,0.0,0.0
-116.0,0.407081128349,0.0,0.0
-115.8,0.448834669959,0.0,0.0
-115.6,0.488911157049,0.0,0.0
-115.4,0.52734131837,0.0,0.0
-115.2,0.564155882671,0.0556947404355,0.0
-115.0,0.599385578705,0.119807359483,0.0
-114.8,0.633061135222,0.181373070824,0.0
-114.6,0.665213280972,0.240438736733,0.0
-114.4,0.695872744706,0.297051219485,0.0
-114.2,0.725070255174,0.351257381353,0.0
-114.0,0.752836541128,0.403104084611,0.0
-113.8,0.779202331318,0.452638191534,0.0
-113.6,0.804198354495,0.499906564396,0.0478629049994
-113.4,0.82785533941,0.544956065471,0.113760553922
-113.2,0.850204014813,0.587833557035,0.176847326944
-113.0,0.871275109455,0.62858590136,0.237179808166
-112.8,0.891099352086,0.66725996072,0.294814581687
-112.6,0.909707471458,0.703902597392,0.349808231608
-112.4,0.927130196321,0.738560673648,0.402217342027
-112.2,0.943398255425,0.771281051762,0.452098497042
-112.0,0.958542377523,0.802110594009,0.499508280755
-111.8,0.972593291364,0.831096162665,0.544503277266
-111.6,0.985581725698,0.858284620001,0.587140070672
-111.4,0.997538409277,0.883722828293,0.627475245073
-111.2,1.0,0.907457649814,0.66556538457
-111.0,1.0,0.92953594684,0.701467073261
-110.8,1.0,0.950004581645,0.735236895244
-110.6,1.0,0.968910416502,0.766931434623
-110.4,1.0,0.986300313686,0.796607275493
-110.2,1.0,1.0,0.824321001956
-110.0,1.0,1.0,0.85012919811
-109.8,1.0,1.0,0.874088448055
-109.6,1.0,1.0,0.896255335891
-109.4,1.0,1.0,0.916686445717
-109.2,1.0,1.0,0.935438361631
-109.0,1.0,1.0,0.952567667736
-108.8,1.0,1.0,0.968130948128
-108.6,1.0,1.0,0.982184786909
-108.4,1.0,1.0,0.994785768176
-108.2,1.0,1.0,1.0
-108.0,1.0,1.0,1.0
-107.8,1.0,1.0,1.0
-107.6,1.0,1.0,1.0
-107.4,1.0,1.0,1.0
-107.2,1.0,1.0,1.0
-107.0,1.0,1.0,1.0
-106.8,1.0,1.0,1.0
-106.6,1.0,1.0,1.0
-106.4,1.0,1.0,1.0
-106.2,1.0,1.0,1.0
-106.0,1.0,1.0,1.0
-105.8,1.0,1.0,1.0
-105.6,1.0,1.0,1.0
-105.4,1.0,1.0,1.0
-105.2,1.0,1.0,1.0
signal,QPSK_12_FR_2,QPSK_12,QPSK_34
-120.0,0.0,0.0,0.0
-119.8,0.0,0.0,0.0
-119.6,0.0,0.0,0.0
-119.4,0.0,0.0,0.0
-119.2,0.0,0.0,0.0
-119.0,0.0,0.0,0.0
-118.8,0.0,0.0,0.0
-118.6,0.0,0.0,0.0
-118.4,0.0,0.0,0.0
-118.2,0.0,0.0,0.0
-118.0,0.0,0.0,0.0
-117.8,0.0,0.0,0.0
-117.6,0.00899138265675,0.0,0.0
-117.4,0.065267595454,0.0,0.0
-117.2,0.119620923725,0.0,0.0
-117.0,0.172082096221,0.0,0.0
-116.8,0.222681841692,0.0,0.0
-116.6,0.27145088889,0.0,0.0
-116.4,0.318419966565,0.0,0.0
-116.2,0.363619803468,0.0,0.0
-116.0,0.407081128349,0.0,0.0
-115.8,0.448834669959,0.0,0.0
-115.6,0.488911157049,0.0,0.0
-115.4,0.52734131837,0.0,0.0
-115.2,0.564155882671,0.0556947404355,0.0
-115.0,0.599385578705,0.119807359483,0.0
-114.8,0.633061135222,0.181373070824,0.0
-114.6,0.665213280972,0.240438736733,0.0
-114.4,0.695872744706,0.297051219485,0.0
-114.2,0.725070255174,0.351257381353,0.0
-114.0,0.752836541128,0.403104084611,0.0
-113.8,0.779202331318,0.452638191534,0.0
-113.6,0.804198354495,0.499906564396,0.0478629049994
-113.4,0.82785533941,0.544956065471,0.113760553922
-113.2,0.850204014813,0.587833557035,0.176847326944
-113.0,0.871275109455,0.62858590136,0.237179808166
-112.8,0.891099352086,0.66725996072,0.294814581687
-112.6,0.909707471458,0.703902597392,0.349808231608
-112.4,0.927130196321,0.738560673648,0.402217342027
-112.2,0.943398255425,0.771281051762,0.452098497042
-112.0,0.958542377523,0.802110594009,0.499508280755
-111.8,0.972593291364,0.831096162665,0.544503277266
-111.6,0.985581725698,0.858284620001,0.587140070672
-111.4,0.997538409277,0.883722828293,0.627475245073
-111.2,1.0,0.907457649814,0.66556538457
-111.0,1.0,0.92953594684,0.701467073261
-110.8,1.0,0.950004581645,0.735236895244
-110.6,1.0,0.968910416502,0.766931434623
-110.4,1.0,0.986300313686,0.796607275493
-110.2,1.0,1.0,0.824321001956
-110.0,1.0,1.0,0.85012919811
-109.8,1.0,1.0,0.874088448055
-109.6,1.0,1.0,0.896255335891
-109.4,1.0,1.0,0.916686445717
-109.2,1.0,1.0,0.935438361631
-109.0,1.0,1.0,0.952567667736
-108.8,1.0,1.0,0.968130948128
-108.6,1.0,1.0,0.982184786909
-108.4,1.0,1.0,0.994785768176
-108.2,1.0,1.0,1.0
-108.0,1.0,1.0,1.0
-107.8,1.0,1.0,1.0
-107.6,1.0,1.0,1.0
-107.4,1.0,1.0,1.0
-107.2,1.0,1.0,1.0
-107.0,1.0,1.0,1.0
-106.8,1.0,1.0,1.0
-106.6,1.0,1.0,1.0
-106.4,1.0,1.0,1.0
-106.2,1.0,1.0,1.0
-106.0,1.0,1.0,1.0
-105.8,1.0,1.0,1.0
-105.6,1.0,1.0,1.0
-105.4,1.0,1.0,1.0
-105.2,1.0,1.0,1.0
signal,QPSK_12_FR_2,QPSK_12,QPSK_34
-120.0,0.0,0.0,0.0
-119.8,0.0,0.0,0.0
-119.6,0.0,0.0,0.0
-119.4,0.0,0.0,0.0
-119.2,0.0,0.0,0.0
-119.0,0.0,0.0,0.0
-118.8,0.0,0.0,0.0
-118.6,0.0,0.0,0.0
-118.4,0.0,0.0,0.0
-118.2,0.0,0.0,0.0
-118.0,0.0,0.0,0.0
-117.8,0.0,0.0,0.0
-117.6,0.00899138265675,0.0,0.0
-117.4,0.065267595454,0.0,0.0
-117.2,0.119620923725,0.0,0.0
-117.0,0.172082096221,0.0,0.0
-116.8,0.222681841692,0.0,0.0
-116.6,0.27145088889,0.0,0.0
-116.4,0.318419966565,0.0,0.0
-116.2,0.363619803468,0.0,0.0
-116.0,0.407081128349,0.0,0.0
-115.8,0.448834669959,0.0,0.0
-115.6,0.488911157049,0.0,0.0
-115.4,0.52734131837,0.0,0.0
-115.2,0.564155882671,0.0556947404355,0.0
-115.0,0.599385578705,0.119807359483,0.0
-114.8,0.633061135222,0.181373070824,0.0
-114.6,0.665213280972,0.240438736733,0.0
-114.4,0.695872744706,0.297051219485,0.0
-114.2,0.725070255174,0.351257381353,0.0
-114.0,0.752836541128,0.403104084611,0.0
-113.8,0.779202331318,0.452638191534,0.0
-113.6,0.804198354495,0.499906564396,0.0478629049994
-113.4,0.82785533941,0.544956065471,0.113760553922
-113.2,0.850204014813,0.587833557035,0.176847326944
-113.0,0.871275109455,0.62858590136,0.237179808166
-112.8,0.891099352086,0.66725996072,0.294814581687
-112.6,0.909707471458,0.703902597392,0.349808231608
-112.4,0.927130196321,0.738560673648,0.402217342027
-112.2,0.943398255425,0.771281051762,0.452098497042
-112.0,0.958542377523,0.802110594009,0.499508280755
-111.8,0.972593291364,0.831096162665,0.544503277266
-111.6,0.985581725698,0.858284620001,0.587140070672
-111.4,0.997538409277,0.883722828293,0.627475245073
-111.2,1.0,0.907457649814,0.66556538457
-111.0,1.0,0.92953594684,0.701467073261
-110.8,1.0,0.950004581645,0.735236895244
-110.6,1.0,0.968910416502,0.766931434623
-110.4,1.0,0.986300313686,0.796607275493
-110.2,1.0,1.0,0.824321001956
-110.0,1.0,1.0,0.85012919811
-109.8,1.0,1.0,0.874088448055
-109.6,1.0,1.0,0.896255335891
-109.4,1.0,1.0,0.916686445717
-109.2,1.0,1.0,0.935438361631
-109.0,1.0,1.0,0.952567667736
-108.8,1.0,1.0,0.968130948128
-108.6,1.0,1.0,0.982184786909
-108.4,1.0,1.0,0.994785768176
-108.2,1.0,1.0,1.0
-108.0,1.0,1.0,1.0
-107.8,1.0,1.0,1.0
-107.6,1.0,1.0,1.0
-107.4,1.0,1.0,1.0
-107.2,1.0,1.0,1.0
-107.0,1.0,1.0,1.0
-106.8,1.0,1.0,1.0
-106.6,1.0,1.0,1.0
-106.4,1.0,1.0,1.0
-106.2,1.0,1.0,1.0
-106.0,1.0,1.0,1.0
-105.8,1.0,1.0,1.0
-105.6,1.0,1.0,1.0
-105.4,1.0,1.0,1.0
-105.2,1.0,1.0,1.0
signal,QPSK_12_FR_2,QPSK_12,QPSK_34
-120.0,0.0,0.0,0.0
-119.8,0.0,0.0,0.0
-119.6,0.0,0.0,0.0
-119.4,0.0,0.0,0.0
-119.2,0.0,0.0,0.0
-119.0,0.0,0.0,0.0
-118.8,0.0,0.0,0.0
-118.6,0.0,0.0,0.0
-118.4,0.0,0.0,0.0
-118.2,0.0,0.0,0.0
-118.0,0.0,0.0,0.0
-117.8,0.0,0.0,0.0
-117.6,0.00899138265675,0.0,0.0
-117.4,0.065267595454,0.0,0.0
-117.2,0.119620923725,0.0,0.0
-117.0,0.172082096221,0.0,0.0
-116.8,0.222681841692,0.0,0.0
-116.6,0.27145088889,0.0,0.0
-116.4,0.318419966565,0.0,0.0
-116.2,0.363619803468,0.0,0.0
-116.0,0.407081128349,0.0,0.0
-115.8,0.448834669959,0.0,0.0
-115.6,0.488911157049,0.0,0.0
-115.4,0.52734131837,0.0,0.0
-115.2,0.564155882671,0.0556947404355,0.0
-115.0,0.599385578705,0.119807359483,0.0
-114.8,0.633061135222,0.181373070824,0.0
-114.6,0.665213280972,0.240438736733,0.0
-114.4,0.695872744706,0.297051219485,0.0
-114.2,0.725070255174,0.351257381353,0.0
-114.0,0.752836541128,0.403104084611,0.0
-113.8,0.779202331318,0.452638191534,0.0
-113.6,0.804198354495,0.499906564396,0.0478629049994
-113.4,0.82785533941,0.544956065471,0.113760553922
-113.2,0.850204014813,0.587833557035,0.176847326944
-113.0,0.871275109455,0.62858590136,0.237179808166
-112.8,0.891099352086,0.66725996072,0.294814581687
-112.6,0.909707471458,0.703902597392,0.349808231608
-112.4,0.927130196321,0.738560673648,0.402217342027
-112.2,0.943398255425,0.771281051762,0.452098497042
-112.0,0.958542377523,0.802110594009,0.499508280755
-111.8,0.972593291364,0.831096162665,0.544503277266
-111.6,0.985581725698,0.858284620001,0.587140070672
-111.4,0.997538409277,0.883722828293,0.627475245073
-111.2,1.0,0.907457649814,0.66556538457
-111.0,1.0,0.92953594684,0.701467073261
-110.8,1.0,0.950004581645,0.735236895244
-110.6,1.0,0.968910416502,0.766931434623
-110.4,1.0,0.986300313686,0.796607275493
-110.2,1.0,1.0,0.824321001956
-110.0,1.0,1.0,0.85012919811
-109.8,1.0,1.0,0.874088448055
-109.6,1.0,1.0,0.896255335891
-109.4,1.0,1.0,0.916686445717
-109.2,1.0,1.0,0.935438361631
-109.0,1.0,1.0,0.952567667736
-108.8,1.0,1.0,0.968130948128
-108.6,1.0,1.0,0.982184786909
-108.4,1.0,1.0,0.994785768176
-108.2,1.0,1.0,1.0
-108.0,1.0,1.0,1.0
-107.8,1.0,1.0,1.0
-107.6,1.0,1.0,1.0
-107.4,1.0,1.0,1.0
-107.2,1.0,1.0,1.0
-107.0,1.0,1.0,1.0
-106.8,1.0,1.0,1.0
-106.6,1.0,1.0,1.0
-106.4,1.0,1.0,1.0
-106.2,1.0,1.0,1.0
-106.0,1.0,1.0,1.0
-105.8,1.0,1.0,1.0
-105.6,1.0,1.0,1.0
-105.4,1.0,1.0,1.0
-105.2,1.0,1.0,1.0
signal,QPSK_12_FR_2,QPSK_12,QPSK_34
-120.0,0.0,0.0,0.0
-119.8,0.0,0.0,0.0
-119.6,0.0,0.0,0.0
-119.4,0.0,0.0,0.0
-119.2,0.0,0.0,0.0
-119.0,0.0,0.0,0.0
-118.8,0.0,0.0,0.0
-118.6,0.0,0.0,0.0
-118.4,0.0,0.0,0.0
-118.2,0.0,0.0,0.0
-118.0,0.0,0.0,0.0
-117.8,0.0,0.0,0.0
-117.6,0.00899138265675,0.0,0.0
-117.4,0.065267595454,0.0,0.0
-117.2,0.119620923725,0.0,0.0
-117.0,0.172082096221,0.0,0.0
-116.8,0.222681841692,0.0,0.0
-116.6,0.27145088889,0.0,0.0
-116.4,0.318419966565,0.0,0.0
-116.2,0.363619803468,0.0,0.0
-116.0,0.407081128349,0.0,0.0
-115.8,0.448834669959,0.0,0.0
-115.6,0.488911157049,0.0,0.0
-115.4,0.52734131837,0.0,0.0
-115.2,0.564155882671,0.0556947404355,0.0
-115.0,0.599385578705,0.119807359483,0.0
-114.8,0.633061135222,0.181373070824,0.0
-114.6,0.665213280972,0.240438736733,0.0
-114.4,0.695872744706,0.297051219485,0.0
-114.2,0.725070255174,0.351257381353,0.0
-114.0,0.752836541128,0.403104084611,0.0
-113.8,0.779202331318,0.452638191534,0.0
-113.6,0.804198354495,0.499906564396,0.0478629049994
-113.4,0.82785533941,0.544956065471,0.113760553922
-113.2,0.850204014813,0.587833557035,0.176847326944
-113.0,0.871275109455,0.62858590136,0.237179808166
-112.8,0.891099352086,0.66725996072,0.294814581687
-112.6,0.909707471458,0.703902597392,0.349808231608
-112.4,0.927130196321,0.738560673648,0.402217342027
-112.2,0.943398255425,0.771281051762,0.452098497042
-112.0,0.958542377523,0.802110594009,0.499508280755
-111.8,0.972593291364,0.831096162665,0.544503277266
-111.6,0.985581725698,0.858284620001,0.587140070672
-111.4,0.997538409277,0.883722828293,0.627475245073
-111.2,1.0,0.907457649814,0.66556538457
-111.0,1.0,0.92953594684,0.701467073261
-110.8,1.0,0.950004581645,0.735236895244
-110.6,1.0,0.968910416502,0.766931434623
-110.4,1.0,0.986300313686,0.796607275493
-110.2,1.0,1.0,0.824321001956
-110.0,1.0,1.0,0.85012919811
-109.8,1.0,1.0,0.874088448055
-109.6,1.0,1.0,0.896255335891
-109.4,1.0,1.0,0.916686445717
-109.2,1.0,1.0,0.935438361631
-109.0,1.0,1.0,0.952567667736
-108.8,1.0,1.0,0.968130948128
-108.6,1.0,1.0,0.982184786909
-108.4,1.0,1.0,0.994785768176
-108.2,1.0,1.0,1.0
-108.0,1.0,1.0,1.0
-107.8,1.0,1.0,1.0
-107.6,1.0,1.0,1.0
-107.4,1.0,1.0,1.0
-107.2,1.0,1.0,1.0
-107.0,1.0,1.0,1.0
-106.8,1.0,1.0,1.0
-106.6,1.0,1.0,1.0
-106.4,1.0,1.0,1.0
-106.2,1.0,1.0,1.0
-106.0,1.0,1.0,1.0
-105.8,1.0,1.0,1.0
-105.6,1.0,1.0,1.0
-105.4,1.0,1.0,1.0
-105.2,1.0,1.0,1.0
-105.0,1.0,1.0,1.0
-104.8,1.0,1.0,1.0
-104.6,1.0,1.0,1.0
-104.4,1.0,1.0,1.0
-104.2,1.0,1.0,1.0
-104.0,0.995444973309,1.0,1.0
-103.8,0.990965132452,1.0,1.0
-103.6,0.986651962119,1.0,1.0
-103.4,0.982536191057,1.0,1.0
-103.2,0.978648548018,0.99805226746,0.997827803935
-103.0,0.975019761754,0.992296649527,0.992590421949
-102.8,0.971680561015,0.98680586034,0.987484537235
-102.6,0.968661674551,0.981626762177,0.982566733892
-102.4,0.965993831113,0.976806217309,0.977893596021
-102.2,0.963707759452,0.972391088012,0.973521707718
-102.0,0.961834188319,0.96842823656,0.969507653086
-101.8,0.960403846464,0.964964525226,0.965908016222
-101.6,0.959447462637,0.962046816287,0.962779381228
-101.4,0.958995765591,0.959721972014,0.960178332201
-101.2,0.959079484075,0.958036854684,0.958161453242
-101.0,0.959729346841,0.957038326569,0.956785328449
-100.8,0.960976082638,0.956773249944,0.956106541923
-100.6,0.962850420217,0.957288487084,0.956181677762
-100.4,0.96538308833,0.958630900263,0.957067320067
-100.2,0.968604815727,0.960847351755,0.958820052937
-100.0,0.972546331158,0.963984703833,0.961496460471
-99.8,0.977238363374,0.968089818773,0.965153126767
-99.6,0.982711641127,0.973209558849,0.969846635927
-99.4,0.988996893166,0.979390786334,0.97563357205
-99.2,0.996124848243,0.986680363504,0.982570519235
-99.0,1.0,0.995125152633,0.990714061581
-98.8,1.0,1.0,1.0
-98.6,1.0,1.0,1.0
-98.4,1.0,1.0,1.0
-98.2,1.0,1.0,1.0
-98.0,1.0,1.0,1.0
-97.8,1.0,1.0,1.0
-97.6,1.0,1.0,1.0
-97.4,1.0,1.0,1.0
-97.2,1.0,1.0,1.0
-97.0,1.0,1.0,1.0
-96.8,1.0,1.0,1.0
-96.6,1.0,1.0,1.0
-96.4,1.0,1.0,1.0
-96.2,1.0,1.0,1.0
-96.0,1.0,1.0,1.0
-95.8,1.0,1.0,1.0
-95.6,1.0,1.0,1.0
-95.4,1.0,1.0,1.0
-95.2,1.0,1.0,1.0
signal,QPSK_12_FR_2,QPSK_12,QPSK_34
-120.0,0.0,0.0,0.0
-119.8,0.0,0.0,0.0
-119.6,0.0,0.0,0.0
-119.4,0.0,0.0,0.0
-119.2,0.0,0.0,0.0
-119.0,0.0,0.0,0.0
-118.8,0.0,0.0,0.0
-118.6,0.0,0.0,0.0
-118.4,0.0,0.0,0.0
-118.2,0.0,0.0,0.0
-118.0,0.0,0.0,0.0
-117.8,0.0,0.0,0.0
-117.6,0.00899138265675,0.0,0.0
-117.4,0.065267595454,0.0,0.0
-117.2,0.119620923725,0.0,0.0
-117.0,0.172082096221,0.0,0.0
-116.8,0.222681841692,0.0,0.0
-116.6,0.27145088889,0.0,0.0
-116.4,0.318419966565,0.0,0.0
-116.2,0.363619803468,0.0,0.0
-116.0,0.407081128349,0.0,0.0
-115.8,0.448834669959,0.0,0.0
-115.6,0.488911157049,0.0,0.0
-115.4,0.52734131837,0.0,0.0
-115.2,0.564155882671,0.0556947404355,0.0
-115.0,0.599385578705,0.119807359483,0.0
-114.8,0.633061135222,0.181373070824,0.0
-114.6,0.665213280972,0.240438736733,0.0
-114.4,0.695872744706,0.297051219485,0.0
-114.2,0.725070255174,0.351257381353,0.0
-114.0,0.752836541128,0.403104084611,0.0
-113.8,0.779202331318,0.452638191534,0.0
-113.6,0.804198354495,0.499906564396,0.0478629049994
-113.4,0.82785533941,0.544956065471,0.113760553922
-113.2,0.850204014813,0.587833557035,0.176847326944
-113.0,0.871275109455,0.62858590136,0.237179808166
-112.8,0.891099352086,0.66725996072,0.294814581687
-112.6,0.909707471458,0.703902597392,0.349808231608
-112.4,0.927130196321,0.738560673648,0.402217342027
-112.2,0.943398255425,0.771281051762,0.452098497042
-112.0,0.958542377523,0.802110594009,0.499508280755
-111.8,0.972593291364,0.831096162665,0.544503277266
-111.6,0.985581725698,0.858284620001,0.587140070672
-111.4,0.997538409277,0.883722828293,0.627475245073
-111.2,1.0,0.907457649814,0.66556538457
-111.0,1.0,0.92953594684,0.701467073261
-110.8,1.0,0.950004581645,0.735236895244
-110.6,1.0,0.968910416502,0.766931434623
-110.4,1.0,0.986300313686,0.796607275493
-110.2,1.0,1.0,0.824321001956
-110.0,1.0,1.0,0.85012919811
-109.8,1.0,1.0,0.874088448055
-109.6,1.0,1.0,0.896255335891
-109.4,1.0,1.0,0.916686445717
-109.2,1.0,1.0,0.935438361631
-109.0,1.0,1.0,0.952567667736
-108.8,1.0,1.0,0.968130948128
-108.6,1.0,1.0,0.982184786909
-108.4,1.0,1.0,0.994785768176
-108.2,1.0,1.0,1.0
-108.0,1.0,1.0,1.0
-107.8,1.0,1.0,1.0
-107.6,1.0,1.0,1.0
-107.4,1.0,1.0,1.0
-107.2,1.0,1.0,1.0
-107.0,1.0,1.0,1.0
-106.8,1.0,1.0,1.0
-106.6,1.0,1.0,1.0
-106.4,1.0,1.0,1.0
-106.2,1.0,1.0,1.0
-106.0,1.0,1.0,1.0
-105.8,1.0,1.0,1.0
-105.6,1.0,1.0,1.0
-105.4,1.0,1.0,1.0
-105.2,1.0,1.0,1.0
-105.0,1.0,1.0,1.0
-104.8,1.0,1.0,1.0
-104.6,1.0,1.0,1.0
-104.4,1.0,1.0,1.0
-104.2,1.0,1.0,1.0
-104.0,1.0,1.0,1.0
-103.8,1.0,1.0,1.0
-103.6,1.0,1.0,1.0
-103.4,1.0,1.0,1.0
-103.2,1.0,1.0,1.0
-103.0,1.0,1.0,1.0
-102.8,1.0,1.0,1.0
-102.6,1.0,1.0,1.0
-102.4,1.0,1.0,1.0
-102.2,1.0,1.0,1.0
-102.0,1.0,1.0,1.0
-101.8,1.0,1.0,1.0
-101.6,1.0,1.0,1.0
-101.4,1.0,1.0,1.0
-101.2,1.0,1.0,1.0
-101.0,1.0,1.0,1.0
-100.8,1.0,1.0,1.0
-100.6,1.0,1.0,1.0
-100.4,1.0,1.0,1.0
-100.2,1.0,1.0,1.0
-100.0,1.0,1.0,1.0
-99.8,1.0,1.0,1.0
-99.6,1.0,1.0,1.0
-99.4,1.0,1.0,1.0
-99.2,1.0,1.0,1.0
-99.0,1.0,1.0,1.0
-98.8,1.0,1.0,1.0
-98.6,1.0,1.0,1.0
-98.4,1.0,1.0,1.0
-98.2,1.0,1.0,1.0
-98.0,1.0,1.0,1.0
-97.8,1.0,1.0,1.0
-97.6,1.0,1.0,1.0
-97.4,1.0,1.0,1.0
-97.2,1.0,1.0,1.0
-97.0,1.0,1.0,1.0
-96.8,1.0,1.0,1.0
-96.6,1.0,1.0,1.0
-96.4,1.0,1.0,1.0
-96.2,1.0,1.0,1.0
-96.0,1.0,1.0,1.0
-95.8,1.0,1.0,1.0
-95.6,1.0,1.0,1.0
-95.4,1.0,1.0,1.0
-95.2,1.0,1.0,1.0
signal,QPSK_12_FR_2,QPSK_12,QPSK_34
-120.0,0.0,0.0,0.0
-119.8,0.0,0.0,0.0
-119.6,0.0,0.0,0.0
-119.4,0.0,0.0,0.0
-119.2,0.0,0.0,0.0
-119.0,0.0,0.0,0.0
-118.8,0.0,0.0,0.0
-118.6,0.0,0.0,0.0
-118.4,0.0,0.0,0.0
-118.2,0.0,0.0,0.0
-118.0,0.0,0.0,0.0
-117.8,0.0,0.0,0.0
-117.6,0.00899138265675,0.0,0.0
-117.4,0.065267595454,0.0,0.0
-117.2,0.119620923725,0.0,0.0
-117.0,0.172082096221,0.0,0.0
-116.8,0.222681841692,0.0,0.0
-116.6,0.27145088889,0.0,0.0
-116.4,0.318419966565,0.0,0.0
-116.2,0.363619803468,0.0,0.0
-116.0,0.407081128349,0.0,0.0
-115.8,0.448834669959,0.0,0.0
-115.6,0.488911157049,0.0,0.0
-115.4,0.52734131837,0.0,0.0
-115.2,0.564155882671,0.0556947404355,0.0
-115.0,0.599385578705,0.119807359483,0.0
-114.8,0.633061135222,0.181373070824,0.0
-114.6,0.665213280972,0.240438736733,0.0
-114.4,0.695872744706,0.297051219485,0.0
-114.2,0.725070255174,0.351257381353,0.0
-114.0,0.752836541128,0.403104084611,0.0
-113.8,0.779202331318,0.452638191534,0.0
-113.6,0.804198354495,0.499906564396,0.0478629049994
-113.4,0.82785533941,0.544956065471,0.113760553922
-113.2,0.850204014813,0.587833557035,0.176847326944
-113.0,0.871275109455,0.62858590136,0.237179808166
-112.8,0.891099352086,0.66725996072,0.294814581687
-112.6,0.909707471458,0.703902597392,0.349808231608
-112.4,0.927130196321,0.738560673648,0.402217342027
-112.2,0.943398255425,0.771281051762,0.452098497042
-112.0,0.958542377523,0.802110594009,0.499508280755
-111.8,0.972593291364,0.831096162665,0.544503277266
-111.6,0.985581725698,0.858284620001,0.587140070672
-111.4,0.997538409277,0.883722828293,0.627475245073
-111.2,1.0,0.907457649814,0.66556538457
-111.0,1.0,0.92953594684,0.701467073261
-110.8,1.0,0.950004581645,0.735236895244
-110.6,1.0,0.968910416502,0.766931434623
-110.4,1.0,0.986300313686,0.796607275493
-110.2,1.0,1.0,0.824321001956
-110.0,1.0,1.0,0.85012919811
-109.8,1.0,1.0,0.874088448055
-109.6,1.0,1.0,0.896255335891
-109.4,1.0,1.0,0.916686445717
-109.2,1.0,1.0,0.935438361631
-109.0,1.0,1.0,0.952567667736
-108.8,1.0,1.0,0.968130948128
-108.6,1.0,1.0,0.982184786909
-108.4,1.0,1.0,0.994785768176
-108.2,1.0,1.0,1.0
-108.0,1.0,1.0,1.0
-107.8,1.0,1.0,1.0
-107.6,1.0,1.0,1.0
-107.4,1.0,1.0,1.0
-107.2,1.0,1.0,1.0
-107.0,1.0,1.0,1.0
-106.8,1.0,1.0,1.0
-106.6,1.0,1.0,1.0
-106.4,1.0,1.0,1.0
-106.2,1.0,1.0,1.0
-106.0,1.0,1.0,1.0
-105.8,1.0,1.0,1.0
-105.6,1.0,1.0,1.0
-105.4,1.0,1.0,1.0
-105.2,1.0,1.0,1.0
-105.0,1.0,1.0,1.0
-104.8,1.0,1.0,1.0
-104.6,1.0,1.0,1.0
-104.4,1.0,1.0,1.0
-104.2,1.0,1.0,1.0
-104.0,1.0,1.0,1.0
-103.8,1.0,1.0,1.0
-103.6,1.0,1.0,1.0
-103.4,1.0,1.0,1.0
-103.2,1.0,1.0,1.0
-103.0,1.0,1.0,1.0
-102.8,1.0,1.0,1.0
-102.6,1.0,1.0,1.0
-102.4,1.0,1.0,1.0
-102.2,1.0,1.0,1.0
-102.0,1.0,1.0,1.0
-101.8,1.0,1.0,1.0
-101.6,1.0,1.0,1.0
-101.4,1.0,1.0,1.0
-101.2,1.0,1.0,1.0
-101.0,1.0,1.0,1.0
-100.8,1.0,1.0,1.0
-100.6,1.0,1.0,1.0
-100.4,1.0,1.0,1.0
-100.2,1.0,1.0,1.0
-100.0,1.0,1.0,1.0
-99.8,1.0,1.0,1.0
-99.6,1.0,1.0,1.0
-99.4,1.0,1.0,1.0
-99.2,1.0,1.0,1.0
-99.0,1.0,1.0,1.0
-98.8,1.0,1.0,1.0
-98.6,1.0,1.0,1.0
-98.4,1.0,1.0,1.0
-98.2,1.0,1.0,1.0
-98.0,1.0,1.0,1.0
-97.8,1.0,1.0,1.0
-97.6,1.0,1.0,1.0
-97.4,1.0,1.0,1.0
-97.2,1.0,1.0,1.0
-97.0,1.0,1.0,1.0
-96.8,1.0,1.0,1.0
-96.6,1.0,1.0,1.0
-96.4,1.0,1.0,1.0
-96.2,1.0,1.0,1.0
-96.0,1.0,1.0,1.0
-95.8,1.0,1.0,1.0
-95.6,1.0,1.0,1.0
-95.4,1.0,1.0,1.0
-95.2,1.0,1.0,1.0
signal,QPSK_12_FR_2,QPSK_12,QPSK_34
-120.0,0.0,0.0,0.0
-119.8,0.0,0.0,0.0
-119.6,0.0,0.0,0.0
-119.4,0.0,0.0,0.0
-119.2,0.0,0.0,0.0
-119.0,0.0,0.0,0.0
-118.8,0.0,0.0,0.0
-118.6,0.0,0.0,0.0
-118.4,0.0,0.0,0.0
-118.2,0.0,0.0,0.0
-118.0,0.0,0.0,0.0
-117.8,0.0,0.0,0.0
-117.6,0.00899138265675,0.0,0.0
-117.4,0.065267595454,0.0,0.0
-117.2,0.119620923725,0.0,0.0
-117.0,0.172082096221,0.0,0.0
-116.8,0.222681841692,0.0,0.0
-116.6,0.27145088889,0.0,0.0
-116.4,0.318419966565,0.0,0.0
-116.2,0.363619803468,0.0,0.0
-116.0,0.407081128349,0.0,0.0
-115.8,0.448834669959,0.0,0.0
-115.6,0.488911157049,0.0,0.0
-115.4,0.52734131837,0.0,0.0
-115.2,0.564155882671,0.0556947404355,0.0
-115.0,0.599385578705,0.119807359483,0.0
-114.8,0.633061135222,0.181373070824,0.0
-114.6,0.665213280972,0.240438736733,0.0
-114.4,0.695872744706,0.297051219485,0.0
-114.2,0.725070255174,0.351257381353,0.0
-114.0,0.752836541128,0.403104084611,0.0
-113.8,0.779202331318,0.452638191534,0.0
-113.6,0.804198354495,0.499906564396,0.0478629049994
-113.4,0.82785533941,0.544956065471,0.113760553922
-113.2,0.850204014813,0.587833557035,0.176847326944
-113.0,0.871275109455,0.62858590136,0.237179808166
-112.8,0.891099352086,0.66725996072,0.294814581687
-112.6,0.909707471458,0.703902597392,0.349808231608
-112.4,0.927130196321,0.738560673648,0.402217342027
-112.2,0.943398255425,0.771281051762,0.452098497042
-112.0,0.958542377523,0.802110594009,0.499508280755
-111.8,0.972593291364,0.831096162665,0.544503277266
-111.6,0.985581725698,0.858284620001,0.587140070672
-111.4,0.997538409277,0.883722828293,0.627475245073
-111.2,1.0,0.907457649814,0.66556538457
-111.0,1.0,0.92953594684,0.701467073261
-110.8,1.0,0.950004581645,0.735236895244
-110.6,1.0,0.968910416502,0.766931434623
-110.4,1.0,0.986300313686,0.796607275493
-110.2,1.0,1.0,0.824321001956
-110.0,1.0,1.0,0.85012919811
-109.8,1.0,1.0,0.874088448055
-109.6,1.0,1.0,0.896255335891
-109.4,1.0,1.0,0.916686445717
-109.2,1.0,1.0,0.935438361631
-109.0,1.0,1.0,0.952567667736
-108.8,1.0,1.0,0.968130948128
-108.6,1.0,1.0,0.982184786909
-108.4,1.0,1.0,0.994785768176
-108.2,1.0,1.0,1.0
-108.0,1.0,1.0,1.0
-107.8,1.0,1.0,1.0
-107.6,1.0,1.0,1.0
-107.4,1.0,1.0,1.0
-107.2,1.0,1.0,1.0
-107.0,1.0,1.0,1.0
-106.8,1.0,1.0,1.0
-106.6,1.0,1.0,1.0
-106.4,1.0,1.0,1.0
-106.2,1.0,1.0,1.0
-106.0,1.0,1.0,1.0
-105.8,1.0,1.0,1.0
-105.6,1.0,1.0,1.0
-105.4,1.0,1.0,1.0
-105.2,1.0,1.0,1.0
-105.0,1.0,1.0,1.0
-104.8,1.0,1.0,1.0
-104.6,1.0,1.0,1.0
-104.4,1.0,1.0,1.0
-104.2,1.0,1.0,1.0
-104.0,1.0,1.0,1.0
-103.8,1.0,1.0,1.0
-103.6,1.0,1.0,1.0
-103.4,1.0,1.0,1.0
-103.2,1.0,1.0,1.0
-103.0,1.0,1.0,1.0
-102.8,1.0,1.0,1.0
-102.6,1.0,1.0,1.0
-102.4,1.0,1.0,1.0
-102.2,1.0,1.0,1.0
-102.0,1.0,1.0,1.0
-101.8,1.0,1.0,1.0
-101.6,1.0,1.0,1.0
-101.4,1.0,1.0,1.0
-101.2,1.0,1.0,1.0
-101.0,1.0,1.0,1.0
-100.8,1.0,1.0,1.0
-100.6,1.0,1.0,1.0
-100.4,1.0,1.0,1.0
-100.2,1.0,1.0,1.0
-100.0,1.0,1.0,1.0
-99.8,1.0,1.0,1.0
-99.6,1.0,1.0,1.0
-99.4,1.0,1.0,1.0
-99.2,1.0,1.0,1.0
-99.0,1.0,1.0,1.0
-98.8,1.0,1.0,1.0
-98.6,1.0,1.0,1.0
-98.4,1.0,1.0,1.0
-98.2,1.0,1.0,1.0
-98.0,1.0,1.0,1.0
-97.8,1.0,1.0,1.0
-97.6,1.0,1.0,1.0
-97.4,1.0,1.0,1.0
-97.2,1.0,1.0,1.0
-97.0,1.0,1.0,1.0
-96.8,1.0,1.0,1.0
-96.6,1.0,1.0,1.0
-96.4,1.0,1.0,1.0
-96.2,1.0,1.0,1.0
-96.0,1.0,1.0,1.0
-95.8,1.0,1.0,1.0
-95.6,1.0,1.0,1.0
-95.4,1.0,1.0,1.0
-95.2,1.0,1.0,1.0
signal,QPSK_12_FR_2,QPSK_12,QPSK_34
-120.0,0.0,0.0,0.0
-119.8,0.0,0.0,0.0
-119.6,0.0,0.0,0.0
-119.4,0.0,0.0,0.0
-119.2,0.0,0.0,0.0
-119.0,0.0,0.0,0.0
-118.8,0.0,0.0,0.0
-118.6,0.0,0.0,0.0
-118.4,0.0,0.0,0.0
-118.2,0.0,0.0,0.0
-118.0,0.0,0.0,0.0
-117.8,0.0,0.0,0.0
-117.6,0.00899138265675,0.0,0.0
-117.4,0.065267595454,0.0,0.0
-117.2,0.119620923725,0.0,0.0
-117.0,0.172082096221,0.0,0.0
-116.8,0.222681841692,0.0,0.0
-116.6,0.27145088889,0.0,0.0
-116.4,0.318419966565,0.0,0.0
-116.2,0.363619803468,0.0,0.0
-116.0,0.407081128349,0.0,0.0
-115.8,0.448834669959,0.0,0.0
-115.6,0.488911157049,0.0,0.0
-115.4,0.52734131837,0.0,0.0
-115.2,0.564155882671,0.0556947404355,0.0
-115.0,0.599385578705,0.119807359483,0.0
-114.8,0.633061135222,0.181373070824,0.0
-114.6,0.665213280972,0.240438736733,0.0
-114.4,0.695872744706,0.297051219485,0.0
-114.2,0.725070255174,0.351257381353,0.0
-114.0,0.752836541128,0.403104084611,0.0
-113.8,0.779202331318,0.452638191534,0.0
-113.6,0.804198354495,0.499906564396,0.0478629049994
-113.4,0.82785533941,0.544956065471,0.113760553922
-113.2,0.850204014813,0.587833557035,0.176847326944
-113.0,0.871275109455,0.62858590136,0.237179808166
-112.8,0.891099352086,0.66725996072,0.294814581687
-112.6,0.909707471458,0.703902597392,0.349808231608
-112.4,0.927130196321,0.738560673648,0.402217342027
-112.2,0.943398255425,0.771281051762,0.452098497042
-112.0,0.958542377523,0.802110594009,0.499508280755
-111.8,0.972593291364,0.831096162665,0.544503277266
-111.6,0.985581725698,0.858284620001,0.587140070672
-111.4,0.997538409277,0.883722828293,0.627475245073
-111.2,1.0,0.907457649814,0.66556538457
-111.0,1.0,0.92953594684,0.701467073261
-110.8,1.0,0.950004581645,0.735236895244
-110.6,1.0,0.968910416502,0.766931434623
-110.4,1.0,0.986300313686,0.796607275493
-110.2,1.0,1.0,0.824321001956
-110.0,1.0,1.0,0.85012919811
-109.8,1.0,1.0,0.874088448055
-109.6,1.0,1.0,0.896255335891
-109.4,1.0,1.0,0.916686445717
-109.2,1.0,1.0,0.935438361631
-109.0,1.0,1.0,0.952567667736
-108.8,1.0,1.0,0.968130948128
-108.6,1.0,1.0,0.982184786909
-108.4,1.0,1.0,0.994785768176
-108.2,1.0,1.0,1.0
-108.0,1.0,1.0,1.0
-107.8,1.0,1.0,1.0
-107.6,1.0,1.0,1.0
-107.4,1.0,1.0,1.0
-107.2,1.0,1.0,1.0
-107.0,1.0,1.0,1.0
-106.8,1.0,1.0,1.0
-106.6,1.0,1.0,1.0
-106.4,1.0,1.0,1.0
-106.2,1.0,1.0,1.0
-106.0,1.0,1.0,1.0
-105.8,1.0,1.0,1.0
-105.6,1.0,1.0,1.0
-105.4,1.0,1.0,1.0
-105.2,1.0,1.0,1.0
-105.0,1.0,1.0,1.0
-104.8,1.0,1.0,1.0
-104.6,1.0,1.0,1.0
-104.4,1.0,1.0,1.0
-104.2,1.0,1.0,1.0
-104.0,1.0,1.0,1.0
-103.8,1.0,1.0,1.0
-103.6,1.0,1.0,1.0
-103.4,1.0,1.0,1.0
-103.2,1.0,1.0,1.0
-103.0,1.0,1.0,1.0
-102.8,1.0,1.0,1.0
-102.6,1.0,1.0,1.0
-102.4,1.0,1.0,1.0
-102.2,1.0,1.0,1.0
-102.0,1.0,1.0,1.0
-101.8,1.0,1.0,1.0
-101.6,1.0,1.0,1.0
-101.4,1.0,1.0,1.0
-101.2,1.0,1.0,1.0
-101.0,1.0,1.0,1.0
-100.8,1.0,1.0,1.0
-100.6,1.0,1.0,1.0
-100.4,1.0,1.0,1.0
-100.2,1.0,1.0,1.0
-100.0,1.0,1.0,1.0
-99.8,1.0,1.0,1.0
-99.6,1.0,1.0,1.0
-99.4,1.0,1.0,1.0
-99.2,1.0,1.0,1.0
-99.0,1.0,1.0,1.0
-98.8,1.0,1.0,1.0
-98.6,1.0,1.0,1.0
-98.4,1.0,1.0,1.0
-98.2,1.0,1.0,1.0
-98.0,1.0,1.0,1.0
-97.8,1.0,1.0,1.0
-97.6,1.0,1.0,1.0
-97.4,1.0,1.0,1.0
-97.2,1.0,1.0,1.0
-97.0,1.0,1.0,1.0
-96.8,1.0,1.0,1.0
-96.6,1.0,1.0,1.0
-96.4,1.0,1.0,1.0
-96.2,1.0,1.0,1.0
-96.0,1.0,1.0,1.0
-95.8,1.0,1.0,1.0
-95.6,1.0,1.0,1.0
-95.4,1.0,1.0,1.0
-95.2,1.0,1.0,1.0
signal,QPSK_12_FR_2,QPSK_12,QPSK_34
-120.0,0.0,0.0,0.0
-119.8,0.0,0.0,0.0
-119.6,0.0,0.0,0.0
-119.4,0.0,0.0,0.0
-119.2,0.0,0.0,0.0
-119.0,0.0,0.0,0.0
-118.8,0.0,0.0,0.0
-118.6,0.0,0.0,0.0
-118.4,0.0,0.0,0.0
-118.2,0.0,0.0,0.0
-118.0,0.0,0.0,0.0
-117.8,0.0,0.0,0.0
-117.6,0.00899138265675,0.0,0.0
-117.4,0.065267595454,0.0,0.0
-117.2,0.119620923725,0.0,0.0
-117.0,0.172082096221,0.0,0.0
-116.8,0.222681841692,0.0,0.0
-116.6,0.27145088889,0.0,0.0
-116.4,0.318419966565,0.0,0.0
-116.2,0.363619803468,0.0,0.0
-116.0,0.407081128349,0.0,0.0
-115.8,0.448834669959,0.0,0.0
-115.6,0.488911157049,0.0,0.0
-115.4,0.52734131837,0.0,0.0
-115.2,0.564155882671,0.0556947404355,0.0
-115.0,0.599385578705,0.119807359483,0.0
-114.8,0.633061135222,0.181373070824,0.0
-114.6,0.665213280972,0.240438736733,0.0
-114.4,0.695872744706,0.297051219485,0.0
-114.2,0.725070255174,0.351257381353,0.0
-114.0,0.752836541128,0.403104084611,0.0
-113.8,0.779202331318,0.452638191534,0.0
-113.6,0.804198354495,0.499906564396,0.0478629049994
-113.4,0.82785533941,0.544956065471,0.113760553922
-113.2,0.850204014813,0.587833557035,0.176847326944
-113.0,0.871275109455,0.62858590136,0.237179808166
-112.8,0.891099352086,0.66725996072,0.294814581687
-112.6,0.909707471458,0.703902597392,0.349808231608
-112.4,0.927130196321,0.738560673648,0.402217342027
-112.2,0.943398255425,0.771281051762,0.452098497042
-112.0,0.958542377523,0.802110594009,0.499508280755
-111.8,0.972593291364,0.831096162665,0.544503277266
-111.6,0.985581725698,0.858284620001,0.587140070672
-111.4,0.997538409277,0.883722828293,0.627475245073
-111.2,1.0,0.907457649814,0.66556538457
-111.0,1.0,0.92953594684,0.701467073261
-110.8,1.0,0.950004581645,0.735236895244
-110.6,1.0,0.968910416502,0.766931434623
-110.4,1.0,0.986300313686,0.796607275493
-110.2,1.0,1.0,0.824321001956
-110.0,1.0,1.0,0.85012919811
-109.8,1.0,1.0,0.874088448055
-109.6,1.0,1.0,0.896255335891
-109.4,1.0,1.0,0.916686445717
-109.2,1.0,1.0,0.935438361631
-109.0,1.0,1.0,0.952567667736
-108.8,1.0,1.0,0.968130948128
-108.6,1.0,1.0,0.982184786909
-108.4,1.0,1.0,0.994785768176
-108.2,1.0,1.0,1.0
-108.0,1.0,1.0,1.0
-107.8,1.0,1.0,1.0
-107.6,1.0,1.0,1.0
-107.4,1.0,1.0,1.0
-107.2,1.0,1.0,1.0
-107.0,1.0,1.0,1.0
-106.8,1.0,1.0,1.0
-106.6,1.0,1.0,1.0
-106.4,1.0,1.0,1.0
-106.2,1.0,1.0,1.0
-106.0,1.0,1.0,1.0
-105.8,1.0,1.0,1.0
-105.6,1.0,1.0,1.0
-105.4,1.0,1.0,1.0
-105.2,1.0,1.0,1.0
-105.0,1.0,1.0,1.0
-104.8,1.0,1.0,1.0
-104.6,1.0,1.0,1.0
-104.4,1.0,1.0,1.0
-104.2,1.0,1.0,1.0
-104.0,1.0,1.0,1.0
-103.8,1.0,1.0,1.0
-103.6,1.0,1.0,1.0
-103.4,1.0,1.0,1.0
-103.2,1.0,1.0,1.0
-103.0,1.0,1.0,1.0
-102.8,1.0,1.0,1.0
-102.6,1.0,1.0,1.0
-102.4,1.0,1.0,1.0
-102.2,1.0,1.0,1.0
-102.0,1.0,1.0,1.0
-101.8,1.0,1.0,1.0
-101.6,1.0,1.0,1.0
-101.4,1.0,1.0,1.0
-101.2,1.0,1.0,1.0
-101.0,1.0,1.0,1.0
-100.8,1.0,1.0,1.0
-100.6,1.0,1.0,1.0
-100.4,1.0,1.0,1.0
-100.2,1.0,1.0,1.0
-100.0,1.0,1.0,1.0
-99.8,1.0,1.0,1.0
-99.6,1.0,1.0,1.0
-99.4,1.0,1.0,1.0
-99.2,1.0,1.0,1.0
-99.0,1.0,1.0,1.0
-98.8,1.0,1.0,1.0
-98.6,1.0,1.0,1.0
-98.4,1.0,1.0,1.0
-98.2,1.0,1.0,1.0
-98.0,1.0,1.0,1.0
-97.8,1.0,1.0,1.0
-97.6,1.0,1.0,1.0
-97.4,1.0,1.0,1.0
-97.2,1.0,1.0,1.0
-97.0,1.0,1.0,1.0
-96.8,1.0,1.0,1.0
-96.6,1.0,1.0,1.0
-96.4,1.0,1.0,1.0
-96.2,1.0,1.0,1.0
-96.0,1.0,1.0,1.0
-95.8,1.0,1.0,1.0
-95.6,1.0,1.0,1.0
-95.4,1.0,1.0,1.0
-95.2,1.0,1.0,1.0
signal,QPSK_12_FR_2,QPSK_12,QPSK_34
-120.0,0.0,0.0,0.0
-119.8,0.0,0.0,0.0
-119.6,0.0,0.0,0.0
-119.4,0.0,0.0,0.0
-119.2,0.0,0.0,0.0
-119.0,0.0,0.0,0.0
-118.8,0.0,0.0,0.0
-118.6,0.0,0.0,0.0
-118.4,0.0,0.0,0.0
-118.2,0.0,0.0,0.0
-118.0,0.0,0.0,0.0
-117.8,0.0,0.0,0.0
-117.6,0.00899138265675,0.0,0.0
-117.4,0.065267595454,0.0,0.0
-117.2,0.119620923725,0.0,0.0
-117.0,0.172082096221,0.0,0.0
-116.8,0.222681841692,0.0,0.0
-116.6,0.27145088889,0.0,0.0
-116.4,0.318419966565,0.0,0.0
-116.2,0.363619803468,0.0,0.0
-116.0,0.407081128349,0.0,0.0
-115.8,0.448834669959,0.0,0.0
-115.6,0.488911157049,0.0,0.0
-115.4,0.52734131837,0.0,0.0
-115.2,0.564155882671,0.0556947404355,0.0
-115.0,0.599385578705,0.119807359483,0.0
-114.8,0.633061135222,0.181373070824,0.0
-114.6,0.665213280972,0.240438736733,0.0
-114.4,0.695872744706,0.297051219485,0.0
-114.2,0.725070255174,0.351257381353,0.0
-114.0,0.752836541128,0.403104084611,0.0
-113.8,0.779202331318,0.452638191534,0.0
-113.6,0.804198354495,0.499906564396,0.0478629049994
-113.4,0.82785533941,0.544956065471,0.113760553922
-113.2,0.850204014813,0.587833557035,0.176847326944
-113.0,0.871275109455,0.62858590136,0.237179808166
-112.8,0.891099352086,0.66725996072,0.294814581687
-112.6,0.909707471458,0.703902597392,0.349808231608
-112.4,0.927130196321,0.738560673648,0.402217342027
-112.2,0.943398255425,0.771281051762,0.452098497042
-112.0,0.958542377523,0.802110594009,0.499508280755
-111.8,0.972593291364,0.831096162665,0.544503277266
-111.6,0.985581725698,0.858284620001,0.587140070672
-111.4,0.997538409277,0.883722828293,0.627475245073
-111.2,1.0,0.907457649814,0.66556538457
-111.0,1.0,0.92953594684,0.701467073261
-110.8,1.0,0.950004581645,0.735236895244
-110.6,1.0,0.968910416502,0.766931434623
-110.4,1.0,0.986300313686,0.796607275493
-110.2,1.0,1.0,0.824321001956
-110.0,1.0,1.0,0.85012919811
-109.8,1.0,1.0,0.874088448055
-109.6,1.0,1.0,0.896255335891
-109.4,1.0,1.0,0.916686445717
-109.2,1.0,1.0,0.935438361631
-109.0,1.0,1.0,0.952567667736
-108.8,1.0,1.0,0.968130948128
-108.6,1.0,1.0,0.982184786909
-108.4,1.0,1.0,0.994785768176
-108.2,1.0,1.0,1.0
-108.0,1.0,1.0,1.0
-107.8,1.0,1.0,1.0
-107.6,1.0,1.0,1.0
-107.4,1.0,1.0,1.0
-107.2,1.0,1.0,1.0
-107.0,1.0,1.0,1.0
-106.8,1.0,1.0,1.0
-106.6,1.0,1.0,1.0
-106.4,1.0,1.0,1.0
-106.2,1.0,1.0,1.0
-106.0,1.0,1.0,1.0
-105.8,1.0,1.0,1.0
-105.6,1.0,1.0,1.0
-105.4,1.0,1.0,1.0
-105.2,1.0,1.0,1.0
-105.0,1.0,1.0,1.0
-104.8,1.0,1.0,1.0
-104.6,1.0,1.0,1.0
-104.4,1.0,1.0,1.0
-104.2,1.0,1.0,1.0
-104.0,1.0,1.0,1.0
-103.8,1.0,1.0,1.0
-103.6,1.0,1.0,1.0
-103.4,1.0,1.0,1.0
-103.2,1.0,1.0,1.0
-103.0,1.0,1.0,1.0
-102.8,1.0,1.0,1.0
-102.6,1.0,1.0,1.0
-102.4,1.0,1.0,1.0
-102.2,1.0,1.0,1.0
-102.0,1.0,1.0,1.0
-101.8,1.0,1.0,1.0
-101.6,1.0,1.0,1.0
-101.4,1.0,1.0,1.0
-101.2,1.0,1.0,1.0
-101.0,1.0,1.0,1.0
-100.8,1.0,1.0,1.0
-100.6,1.0,1.0,1.0
-100.4,1.0,1.0,1.0
-100.2,1.0,1.0,1.0
-100.0,1.0,1.0,1.0
-99.8,1.0,1.0,1.0
-99.6,1.0,1.0,1.0
-99.4,1.0,1.0,1.0
-99.2,1.0,1.0,1.0
-99.0,1.0,1.0,1.0
-98.8,1.0,1.0,1.0
-98.6,1.0,1.0,1.0
-98.4,1.0,1.0,1.0
-98.2,1.0,1.0,1.0
-98.0,1.0,1.0,1.0
-97.8,1.0,1.0,1.0
-97.6,1.0,1.0,1.0
-97.4,1.0,1.0,1.0
-97.2,1.0,1.0,1.0
-97.0,1.0,1.0,1.0
-96.8,1.0,1.0,1.0
-96.6,1.0,1.0,1.0
-96.4,1.0,1.0,1.0
-96.2,1.0,1.0,1.0
-96.0,1.0,1.0,1.0
-95.8,1.0,1.0,1.0
-95.6,1.0,1.0,1.0
-95.4,1.0,1.0,1.0
-95.2,1.0,1.0,1.0
signal,QPSK_12_FR_2,QPSK_12,QPSK_34
-120.0,0.0,0.0,0.0
-119.8,0.0,0.0,0.0
-119.6,0.0,0.0,0.0
-119.4,0.0,0.0,0.0
-119.2,0.0,0.0,0.0
-119.0,0.0,0.0,0.0
-118.8,0.0,0.0,0.0
-118.6,0.0,0.0,0.0
-118.4,0.0,0.0,0.0
-118.2,0.0,0.0,0.0
-118.0,0.0,0.0,0.0
-117.8,0.0,0.0,0.0
-117.6,0.00899138265675,0.0,0.0
-117.4,0.065267595454,0.0,0.0
-117.2,0.119620923725,0.0,0.0
-117.0,0.172082096221,0.0,0.0
-116.8,0.222681841692,0.0,0.0
-116.6,0.27145088889,0.0,0.0
-116.4,0.318419966565,0.0,0.0
-116.2,0.363619803468,0.0,0.0
-116.0,0.407081128349,0.0,0.0
-115.8,0.448834669959,0.0,0.0
-115.6,0.488911157049,0.0,0.0
-115.4,0.52734131837,0.0,0.0
-115.2,0.564155882671,0.0556947404355,0.0
-115.0,0.599385578705,0.119807359483,0.0
-114.8,0.633061135222,0.181373070824,0.0
-114.6,0.665213280972,0.240438736733,0.0
-114.4,0.695872744706,0.297051219485,0.0
-114.2,0.725070255174,0.351257381353,0.0
-114.0,0.752836541128,0.403104084611,0.0
-113.8,0.779202331318,0.452638191534,0.0
-113.6,0.804198354495,0.499906564396,0.0478629049994
-113.4,0.82785533941,0.544956065471,0.113760553922
-113.2,0.850204014813,0.587833557035,0.176847326944
-113.0,0.871275109455,0.62858590136,0.237179808166
-112.8,0.891099352086,0.66725996072,0.294814581687
-112.6,0.909707471458,0.703902597392,0.349808231608
-112.4,0.927130196321,0.738560673648,0.402217342027
-112.2,0.943398255425,0.771281051762,0.452098497042
-112.0,0.958542377523,0.802110594009,0.499508280755
-111.8,0.972593291364,0.831096162665,0.544503277266
-111.6,0.985581725698,0.858284620001,0.587140070672
-111.4,0.997538409277,0.883722828293,0.627475245073
-111.2,1.0,0.907457649814,0.66556538457
-111.0,1.0,0.92953594684,0.701467073261
-110.8,1.0,0.950004581645,0.735236895244
-110.6,1.0,0.968910416502,0.766931434623
-110.4,1.0,0.986300313686,0.796607275493
-110.2,1.0,1.0,0.824321001956
-110.0,1.0,1.0,0.85012919811
-109.8,1.0,1.0,0.874088448055
-109.6,1.0,1.0,0.896255335891
-109.4,1.0,1.0,0.916686445717
-109.2,1.0,1.0,0.935438361631
-109.0,1.0,1.0,0.952567667736
-108.8,1.0,1.0,0.968130948128
-108.6,1.0,1.0,0.982184786909
-108.4,1.0,1.0,0.994785768176
-108.2,1.0,1.0,1.0
-108.0,1.0,1.0,1.0
-107.8,1.0,1.0,1.0
-107.6,1.0,1.0,1.0
-107.4,1.0,1.0,1.0
-107.2,1.0,1.0,1.0
-107.0,1.0,1.0,1.0
-106.8,1.0,1.0,1.0
-106.6,1.0,1.0,1.0
-106.4,1.0,1.0,1.0
-106.2,1.0,1.0,1.0
-106.0,1.0,1.0,1.0
-105.8,1.0,1.0,1.0
-105.6,1.0,1.0,1.0
-105.4,1.0,1.0,1.0
-105.2,1.0,1.0,1.0
-105.0,1.0,1.0,1.0
-104.8,1.0,1.0,1.0
-104.6,1.0,1.0,1.0
-104.4,1.0,1.0,1.0
-104.2,1.0,1.0,1.0
-104.0,1.0,1.0,1.0
-103.8,1.0,1.0,1.0
-103.6,1.0,1.0,1.0
-103.4,1.0,1.0,1.0
-103.2,1.0,1.0,1.0
-103.0,1.0,1.0,1.0
-102.8,1.0,1.0,1.0
-102.6,1.0,1.0,1.0
-102.4,1.0,1.0,1.0
-102.2,1.0,1.0,1.0
-102.0,1.0,1.0,1.0
-101.8,1.0,1.0,1.0
-101.6,1.0,1.0,1.0
-101.4,1.0,1.0,1.0
-101.2,1.0,1.0,1.0
-101.0,1.0,1.0,1.0
-100.8,1.0,1.0,1.0
-100.6,1.0,1.0,1.0
-100.4,1.0,1.0,1.0
-100.2,1.0,1.0,1.0
-100.0,1.0,1.0,1.0
-99.8,1.0,1.0,1.0
-99.6,1.0,1.0,1.0
-99.4,1.0,1.0,1.0
-99.2,1.0,1.0,1.0
-99.0,1.0,1.0,1.0
-98.8,1.0,1.0,1.0
-98.6,1.0,1.0,1.0
-98.4,1.0,1.0,1.0
-98.2,1.0,1.0,1.0
-98.0,1.0,1.0,1.0
-97.8,1.0,1.0,1.0
-97.6,1.0,1.0,1.0
-97.4,1.0,1.0,1.0
-97.2,1.0,1.0,1.0
-97.0,1.0,1.0,1.0
-96.8,1.0,1.0,1.0
-96.6,1.0,1.0,1.0
-96.4,1.0,1.0,1.0
-96.2,1.0,1.0,1.0
-96.0,1.0,1.0,1.0
-95.8,1.0,1.0,1.0
-95.6,1.0,1.0,1.0
-95.4,1.0,1.0,1.0
-95.2,1.0,1.0,1.0
signal,QPSK_12_FR_2,QPSK_12,QPSK_34
-120.0,0.0,0.0,0.0
-119.8,0.0,0.0,0.0
-119.6,0.0,0.0,0.0
-119.4,0.0,0.0,0.0
-119.2,0.0,0.0,0.0
-119.0,0.0,0.0,0.0
-118.8,0.0,0.0,0.0
-118.6,0.0,0.0,0.0
-118.4,0.0,0.0,0.0
-118.2,0.0,0.0,0.0
-118.0,0.0,0.0,0.0
-117.8,0.0,0.0,0.0
-117.6,0.00899138265675,0.0,0.0
-117.4,0.065267595454,0.0,0.0
-117.2,0.119620923725,0.0,0.0
-117.0,0.172082096221,0.0,0.0
-116.8,0.222681841692,0.0,0.0
-116.6,0.27145088889,0.0,0.0
-116.4,0.318419966565,0.0,0.0
-116.2,0.363619803468,0.0,0.0
-116.0,0.407081128349,0.0,0.0
-115.8,0.448834669959,0.0,0.0
-115.6,0.488911157049,0.0,0.0
-115.4,0.52734131837,0.0,0.0
-115.2,0.564155882671,0.0556947404355,0.0
-115.0,0.599385578705,0.119807359483,0.0
-114.8,0.633061135222,0.181373070824,0.0
-114.6,0.665213280972,0.240438736733,0.0
-114.4,0.695872744706,0.297051219485,0.0
-114.2,0.725070255174,0.351257381353,0.0
-114.0,0.752836541128,0.403104084611,0.0
-113.8,0.779202331318,0.452638191534,0.0
-113.6,0.804198354495,0.499906564396,0.0478629049994
-113.4,0.82785533941,0.544956065471,0.113760553922
-113.2,0.850204014813,0.587833557035,0.176847326944
-113.0,0.871275109455,0.62858590136,0.237179808166
-112.8,0.891099352086,0.66725996072,0.294814581687
-112.6,0.909707471458,0.703902597392,0.349808231608
-112.4,0.927130196321,0.738560673648,0.402217342027
-112.2,0.943398255425,0.771281051762,0.452098497042
-112.0,0.958542377523,0.802110594009,0.499508280755
-111.8,0.972593291364,0.831096162665,0.544503277266
-111.6,0.985581725698,0.858284620001,0.587140070672
-111.4,0.997538409277,0.883722828293,0.627475245073
-111.2,1.0,0.907457649814,0.66556538457
-111.0,1.0,0.92953594684,0.701467073261
-110.8,1.0,0.950004581645,0.735236895244
-110.6,1.0,0.968910416502,0.766931434623
-110.4,1.0,0.986300313686,0.796607275493
-110.2,1.0,1.0,0.824321001956
-110.0,1.0,1.0,0.85012919811
-109.8,1.0,1.0,0.874088448055
-109.6,1.0,1.0,0.896255335891
-109.4,1.0,1.0,0.916686445717
-109.2,1.0,1.0,0.935438361631
-109.0,1.0,1.0,0.952567667736
-108.8,1.0,1.0,0.968130948128
-108.6,1.0,1.0,0.982184786909
-108.4,1.0,1.0,0.994785768176
-108.2,1.0,1.0,1.0
-108.0,1.0,1.0,1.0
-107.8,1.0,1.0,1.0
-107.6,1.0,1.0,1.0
-107.4,1.0,1.0,1.0
-107.2,1.0,1.0,1.0
-107.0,1.0,1.0,1.0
-106.8,1.0,1.0,1.0
-106.6,1.0,1.0,1.0
-106.4,1.0,1.0,1.0
-106.2,1.0,1.0,1.0
-106.0,1.0,1.0,1.0
-105.8,1.0,1.0,1.0
-105.6,1.0,1.0,1.0
-105.4,1.0,1.0,1.0
-105.2,1.0,1.0,1.0
-105.0,1.0,1.0,1.0
-104.8,1.0,1.0,1.0
-104.6,1.0,1.0,1.0
-104.4,1.0,1.0,1.0
-104.2,1.0,1.0,1.0
-104.0,1.0,1.0,1.0
-103.8,1.0,1.0,1.0
-103.6,1.0,1.0,1.0
-103.4,1.0,1.0,1.0
-103.2,1.0,1.0,1.0
-103.0,1.0,1.0,1.0
-102.8,1.0,1.0,1.0
-102.6,1.0,1.0,1.0
-102.4,1.0,1.0,1.0
-102.2,1.0,1.0,1.0
-102.0,1.0,1.0,1.0
-101.8,1.0,1.0,1.0
-101.6,1.0,1.0,1.0
-101.4,1.0,1.0,1.0
-101.2,1.0,1.0,1.0
-101.0,1.0,1.0,1.0
-100.8,1.0,1.0,1.0
-100.6,1.0,1.0,1.0
-100.4,1.0,1.0,1.0
-100.2,1.0,1.0,1.0
-100.0,1.0,1.0,1.0
-99.8,1.0,1.0,1.0
-99.6,1.0,1.0,1.0
-99.4,1.0,1.0,1.0
-99.2,1.0,1.0,1.0
-99.0,1.0,1.0,1.0
-98.8,1.0,1.0,1.0
-98.6,1.0,1.0,1.0
-98.4,1.0,1.0,1.0
-98.2,1.0,1.0,1.0
-98.0,1.0,1.0,1.0
-97.8,1.0,1.0,1.0
-97.6,1.0,1.0,1.0
-97.4,1.0,1.0,1.0
-97.2,1.0,1.0,1.0
-97.0,1.0,1.0,1.0
-96.8,1.0,1.0,1.0
-96.6,1.0,1.0,1.0
-96.4,1.0,1.0,1.0
-96.2,1.0,1.0,1.0
-96.0,1.0,1.0,1.0
-95.8,1.0,1.0,1.0
-95.6,1.0,1.0,1.0
-95.4,1.0,1.0,1.0
-95.2,1.0,1.0,1.0
signal,QPSK_12_FR_2,QPSK_12,QPSK_34
-120.0,0.0,0.0,0.0
-119.8,0.0,0.0,0.0
-119.6,0.0,0.0,0.0
-119.4,0.0,0.0,0.0
-119.2,0.0,0.0,0.0
-119.0,0.0,0.0,0.0
-118.8,0.0,0.0,0.0
-118.6,0.0,0.0,0.0
-118.4,0.0,0.0,0.0
-118.2,0.0,0.0,0.0
-118.0,0.0,0.0,0.0
-117.8,0.0,0.0,0.0
-117.6,0.00899138265675,0.0,0.0
-117.4,0.065267595454,0.0,0.0
-117.2,0.119620923725,0.0,0.0
-117.0,0.172082096221,0.0,0.0
-116.8,0.222681841692,0.0,0.0
-116.6,0.27145088889,0.0,0.0
-116.4,0.318419966565,0.0,0.0
-116.2,0.363619803468,0.0,0.0
-116.0,0.407081128349,0.0,0.0
-115.8,0.448834669959,0.0,0.0
-115.6,0.488911157049,0.0,0.0
-115.4,0.52734131837,0.0,0.0
-115.2,0.564155882671,0.0556947404355,0.0
-115.0,0.599385578705,0.119807359483,0.0
-114.8,0.633061135222,0.181373070824,0.0
-114.6,0.665213280972,0.240438736733,0.0
-114.4,0.695872744706,0.297051219485,0.0
-114.2,0.725070255174,0.351257381353,0.0
-114.0,0.752836541128,0.403104084611,0.0
-113.8,0.779202331318,0.452638191534,0.0
-113.6,0.804198354495,0.499906564396,0.0478629049994
-113.4,0.82785533941,0.544956065471,0.113760553922
-113.2,0.850204014813,0.587833557035,0.176847326944
-113.0,0.871275109455,0.62858590136,0.237179808166
-112.8,0.891099352086,0.66725996072,0.294814581687
-112.6,0.909707471458,0.703902597392,0.349808231608
-112.4,0.927130196321,0.738560673648,0.402217342027
-112.2,0.943398255425,0.771281051762,0.452098497042
-112.0,0.958542377523,0.802110594009,0.499508280755
-111.8,0.972593291364,0.831096162665,0.544503277266
-111.6,0.985581725698,0.858284620001,0.587140070672
-111.4,0.997538409277,0.883722828293,0.627475245073
-111.2,1.0,0.907457649814,0.66556538457
-111.0,1.0,0.92953594684,0.701467073261
-110.8,1.0,0.950004581645,0.735236895244
-110.6,1.0,0.968910416502,0.766931434623
-110.4,1.0,0.986300313686,0.796607275493
-110.2,1.0,1.0,0.824321001956
-110.0,1.0,1.0,0.85012919811
-109.8,1.0,1.0,0.874088448055
-109.6,1.0,1.0,0.896255335891
-109.4,1.0,1.0,0.916686445717
-109.2,1.0,1.0,0.935438361631
-109.0,1.0,1.0,0.952567667736
-108.8,1.0,1.0,0.968130948128
-108.6,1.0,1.0,0.982184786909
-108.4,1.0,1.0,0.994785768176
-108.2,1.0,1.0,1.0
-108.0,1.0,1.0,1.0
-107.8,1.0,1.0,1.0
-107.6,1.0,1.0,1.0
-107.4,1.0,1.0,1.0
-107.2,1.0,1.0,1.0
-107.0,1.0,1.0,1.0
-106.8,1.0,1.0,1.0
-106.6,1.0,1.0,1.0
-106.4,1.0,1.0,1.0
-106.2,1.0,1.0,1.0
-106.0,1.0,1.0,1.0
-105.8,1.0,1.0,1.0
-105.6,1.0,1.0,1.0
-105.4,1.0,1.0,1.0
-105.2,1.0,1.0,1.0
-105.0,1.0,1.0,1.0
-104.8,1.0,1.0,1.0
-104.6,1.0,1.0,1.0
-104.4,1.0,1.0,1.0
-104.2,1.0,1.0,1.0
-104.0,1.0,1.0,1.0
-103.8,1.0,1.0,1.0
-103.6,1.0,1.0,1.0
-103.4,1.0,1.0,1.0
-103.2,1.0,1.0,1.0
-103.0,1.0,1.0,1.0
-102.8,1.0,1.0,1.0
-102.6,1.0,1.0,1.0
-102.4,1.0,1.0,1.0
-102.2,1.0,1.0,1.0
-102.0,1.0,1.0,1.0
-101.8,1.0,1.0,1.0
-101.6,1.0,1.0,1.0
-101.4,1.0,1.0,1.0
-101.2,1.0,1.0,1.0
-101.0,1.0,1.0,1.0
-100.8,1.0,1.0,1.0
-100.6,1.0,1.0,1.0
-100.4,1.0,1.0,1.0
-100.2,1.0,1.0,1.0
-100.0,1.0,1.0,1.0
-99.8,1.0,1.0,1.0
-99.6,1.0,1.0,1.0
-99.4,1.0,1.0,1.0
-99.2,1.0,1.0,1.0
-99.0,1.0,1.0,1.0
-98.8,1.0,1.0,1.0
-98.6,1.0,1.0,1.0
-98.4,1.0,1.0,1.0
-98.2,1.0,1.0,1.0
-98.0,1.0,1.0,1.0
-97.8,1.0,1.0,1.0
-97.6,1.0,1.0,1.0
-97.4,1.0,1.0,1.0
-97.2,1.0,1.0,1.0
-97.0,1.0,1.0,1.0
-96.8,1.0,1.0,1.0
-96.6,1.0,1.0,1.0
-96.4,1.0,1.0,1.0
-96.2,1.0,1.0,1.0
-96.0,1.0,1.0,1.0
-95.8,1.0,1.0,1.0
-95.6,1.0,1.0,1.0
-95.4,1.0,1.0,1.0
-95.2,1.0,1.0,1.0
signal,QPSK_12_FR_2,QPSK_12,QPSK_34
-120.0,0.0,0.0,0.0
-119.8,0.0,0.0,0.0
-119.6,0.0,0.0,0.0
-119.4,0.0,0.0,0.0
-119.2,0.0,0.0,0.0
-119.0,0.0,0.0,0.0
-118.8,0.0,0.0,0.0
-118.6,0.0,0.0,0.0
-118.4,0.0,0.0,0.0
-118.2,0.0,0.0,0.0
-118.0,0.0,0.0,0.0
-117.8,0.0,0.0,0.0
-117.6,0.00899138265675,0.0,0.0
-117.4,0.065267595454,0.0,0.0
-117.2,0.119620923725,0.0,0.0
-117.0,0.172082096221,0.0,0.0
-116.8,0.222681841692,0.0,0.0
-116.6,0.27145088889,0.0,0.0
-116.4,0.318419966565,0.0,0.0
-116.2,0.363619803468,0.0,0.0
-116.0,0.407081128349,0.0,0.0
-115.8,0.448834669959,0.0,0.0
-115.6,0.488911157049,0.0,0.0
-115.4,0.52734131837,0.0,0.0
-115.2,0.564155882671,0.0556947404355,0.0
-115.0,0.599385578705,0.119807359483,0.0
-114.8,0.633061135222,0.181373070824,0.0
-114.6,0.665213280972,0.240438736733,0.0
-114.4,0.695872744706,0.297051219485,0.0
-114.2,0.725070255174,0.351257381353,0.0
-114.0,0.752836541128,0.403104084611,0.0
-113.8,0.779202331318,0.452638191534,0.0
-113.6,0.804198354495,0.499906564396,0.0478629049994
-113.4,0.82785533941,0.544956065471,0.113760553922
-113.2,0.850204014813,0.587833557035,0.176847326944
-113.0,0.871275109455,0.62858590136,0.237179808166
-112.8,0.891099352086,0.66725996072,0.294814581687
-112.6,0.909707471458,0.703902597392,0.349808231608
-112.4,0.927130196321,0.738560673648,0.402217342027
-112.2,0.943398255425,0.771281051762,0.452098497042
-112.0,0.958542377523,0.802110594009,0.499508280755
-111.8,0.972593291364,0.831096162665,0.544503277266
-111.6,0.985581725698,0.858284620001,0.587140070672
-111.4,0.997538409277,0.883722828293,0.627475245073
-111.2,1.0,0.907457649814,0.66556538457
-111.0,1.0,0.92953594684,0.701467073261
-110.8,1.0,0.950004581645,0.735236895244
-110.6,1.0,0.968910416502,0.766931434623
-110.4,1.0,0.986300313686,0.796607275493
-110.2,1.0,1.0,0.824321001956
-110.0,1.0,1.0,0.85012919811
-109.8,1.0,1.0,0.874088448055
-109.6,1.0,1.0,0.896255335891
-109.4,1.0,1.0,0.916686445717
-109.2,1.0,1.0,0.935438361631
-109.0,1.0,1.0,0.952567667736
-108.8,1.0,1.0,0.968130948128
-108.6,1.0,1.0,0.982184786909
-108.4,1.0,1.0,0.994785768176
-108.2,1.0,1.0,1.0
-108.0,1.0,1.0,1.0
-107.8,1.0,1.0,1.0
-107.6,1.0,1.0,1.0
-107.4,1.0,1.0,1.0
-107.2,1.0,1.0,1.0
-107.0,1.0,1.0,1.0
-106.8,1.0,1.0,1.0
-106.6,1.0,1.0,1.0
-106.4,1.0,1.0,1.0
-106.2,1.0,1.0,1.0
-106.0,1.0,1.0,1.0
-105.8,1.0,1.0,1.0
-105.6,1.0,1.0,1.0
-105.4,1.0,1.0,1.0
-105.2,1.0,1.0,1.0
-105.0,1.0,1.0,1.0
-104.8,1.0,1.0,1.0
-104.6,1.0,1.0,1.0
-104.4,1.0,1.0,1.0
-104.2,1.0,1.0,1.0
-104.0,1.0,1.0,1.0
-103.8,1.0,1.0,1.0
-103.6,1.0,1.0,1.0
-103.4,1.0,1.0,1.0
-103.2,1.0,1.0,1.0
-103.0,1.0,1.0,1.0
-102.8,1.0,1.0,1.0
-102.6,1.0,1.0,1.0
-102.4,1.0,1.0,1.0
-102.2,1.0,1.0,1.0
-102.0,1.0,1.0,1.0
-101.8,1.0,1.0,1.0
-101.6,1.0,1.0,1.0
-101.4,1.0,1.0,1.0
-101.2,1.0,1.0,1.0
-101.0,1.0,1.0,1.0
-100.8,1.0,1.0,1.0
-100.6,1.0,1.0,1.0
-100.4,1.0,1.0,1.0
-100.2,1.0,1.0,1.0
-100.0,1.0,1.0,1.0
-99.8,1.0,1.0,1.0
-99.6,1.0,1.0,1.0
-99.4,1.0,1.0,1.0
-99.2,1.0,1.0,1.0
-99.0,1.0,1.0,1.0
-98.8,1.0,1.0,1.0
-98.6,1.0,1.0,1.0
-98.4,1.0,1.0,1.0
-98.2,1.0,1.0,1.0
-98.0,1.0,1.0,1.0
-97.8,1.0,1.0,1.0
-97.6,1.0,1.0,1.0
-97.4,1.0,1.0,1.0
-97.2,1.0,1.0,1.0
-97.0,1.0,1.0,1.0
-96.8,1.0,1.0,1.0
-96.6,1.0,1.0,1.0
-96.4,1.0,1.0,1.0
-96.2,1.0,1.0,1.0
-96.0,1.0,1.0,1.0
-95.8,1.0,1.0,1.0
-95.6,1.0,1.0,1.0
-95.4,1.0,1.0,1.0
-95.2,1.0,1.0,1.0
signal,QPSK_12_FR_2,QPSK_12,QPSK_34
-120.0,0.0,0.0,0.0
-119.8,0.0,0.0,0.0
-119.6,0.0,0.0,0.0
-119.4,0.0,0.0,0.0
-119.2,0.0,0.0,0.0
-119.0,0.0,0.0,0.0
-118.8,0.0,0.0,0.0
-118.6,0.0,0.0,0.0
-118.4,0.0,0.0,0.0
-118.2,0.0,0.0,0.0
-118.0,0.0,0.0,0.0
-117.8,0.0,0.0,0.0
-117.6,0.00899138265675,0.0,0.0
-117.4,0.065267595454,0.0,0.0
-117.2,0.119620923725,0.0,0.0
-117.0,0.172082096221,0.0,0.0
-116.8,0.222681841692,0.0,0.0
-116.6,0.27145088889,0.0,0.0
-116.4,0.318419966565,0.0,0.0
-116.2,0.363619803468,0.0,0.0
-116.0,0.407081128349,0.0,0.0
-115.8,0.448834669959,0.0,0.0
-115.6,0.488911157049,0.0,0.0
-115.4,0.52734131837,0.0,0.0
-115.2,0.564155882671,0.0556947404355,0.0
-115.0,0.599385578705,0.119807359483,0.0
-114.8,0.633061135222,0.181373070824,0.0
-114.6,0.665213280972,0.240438736733,0.0
-114.4,0.695872744706,0.297051219485,0.0
-114.2,0.725070255174,0.351257381353,0.0
-114.0,0.752836541128,0.403104084611,0.0
-113.8,0.779202331318,0.452638191534,0.0
-113.6,0.804198354495,0.499906564396,0.0478629049994
-113.4,0.82785533941,0.544956065471,0.113760553922
-113.2,0.850204014813,0.587833557035,0.176847326944
-113.0,0.871275109455,0.62858590136,0.237179808166
-112.8,0.891099352086,0.66725996072,0.294814581687
-112.6,0.909707471458,0.703902597392,0.349808231608
-112.4,0.927130196321,0.738560673648,0.402217342027
-112.2,0.943398255425,0.771281051762,0.452098497042
-112.0,0.958542377523,0.802110594009,0.499508280755
-111.8,0.972593291364,0.831096162665,0.544503277266
-111.6,0.985581725698,0.858284620001,0.587140070672
-111.4,0.997538409277,0.883722828293,0.627475245073
-111.2,1.0,0.907457649814,0.66556538457
-111.0,1.0,0.92953594684,0.701467073261
-110.8,1.0,0.950004581645,0.735236895244
-110.6,1.0,0.968910416502,0.766931434623
-110.4,1.0,0.986300313686,0.796607275493
-110.2,1.0,1.0,0.824321001956
-110.0,1.0,1.0,0.85012919811
-109.8,1.0,1.0,0.874088448055
-109.6,1.0,1.0,0.896255335891
-109.4,1.0,1.0,0.916686445717
-109.2,1.0,1.0,0.935438361631
-109.0,1.0,1.0,0.952567667736
-108.8,1.0,1.0,0.968130948128
-108.6,1.0,1.0,0.982184786909
-108.4,1.0,1.0,0.994785768176
-108.2,1.0,1.0,1.0
-108.0,1.0,1.0,1.0
-107.8,1.0,1.0,1.0
-107.6,1.0,1.0,1.0
-107.4,1.0,1.0,1.0
-107.2,1.0,1.0,1.0
-107.0,1.0,1.0,1.0
-106.8,1.0,1.0,1.0
-106.6,1.0,1.0,1.0
-106.4,1.0,1.0,1.0
-106.2,1.0,1.0,1.0
-106.0,1.0,1.0,1.0
-105.8,1.0,1.0,1.0
-105.6,1.0,1.0,1.0
-105.4,1.0,1.0,1.0
-105.2,1.0,1.0,1.0
-105.0,1.0,1.0,1.0
-104.8,1.0,1.0,1.0
-104.6,1.0,1.0,1.0
-104.4,1.0,1.0,1.0
-104.2,1.0,1.0,1.0
-104.0,1.0,1.0,1.0
-103.8,1.0,1.0,1.0
-103.6,1.0,1.0,1.0
-103.4,1.0,1.0,1.0
-103.2,1.0,1.0,1.0
-103.0,1.0,1.0,1.0
-102.8,1.0,1.0,1.0
-102.6,1.0,1.0,1.0
-102.4,1.0,1.0,1.0
-102.2,1.0,1.0,1.0
-102.0,1.0,1.0,1.0
-101.8,1.0,1.0,1.0
-101.6,1.0,1.0,1.0
-101.4,1.0,1.0,1.0
-101.2,1.0,1.0,1.0
-101.0,1.0,1.0,1.0
-100.8,1.0,1.0,1.0
-100.6,1.0,1.0,1.0
-100.4,1.0,1.0,1.0
-100.2,1.0,1.0,1.0
-100.0,1.0,1.0,1.0
-99.8,1.0,1.0,1.0
-99.6,1.0,1.0,1.0
-99.4,1.0,1.0,1.0
-99.2,1.0,1.0,1.0
-99.0,1.0,1.0,1.0
-98.8,1.0,1.0,1.0
-98.6,1.0,1.0,1.0
-98.4,1.0,1.0,1.0
-98.2,1.0,1.0,1.0
-98.0,1.0,1.0,1.0
-97.8,1.0,1.0,1.0
-97.6,1.0,1.0,1.0
-97.4,1.0,1.0,1.0
-97.2,1.0,1.0,1.0
-97.0,1.0,1.0,1.0
-96.8,1.0,1.0,1.0
-96.6,1.0,1.0,1.0
-96.4,1.0,1.0,1.0
-96.2,1.0,1.0,1.0
-96.0,1.0,1.0,1.0
-95.8,1.0,1.0,1.0
-95.6,1.0,1.0,1.0
-95.4,1.0,1.0,1.0
-95.2,1.0,1.0,1.0
signal,QPSK_12_FR_2,QPSK_12,QPSK_34
-120.0,0.0,0.0,0.0
-119.8,0.0,0.0,0.0
-119.6,0.0,0.0,0.0
-119.4,0.0,0.0,0.0
-119.2,0.0,0.0,0.0
-119.0,0.0,0.0,0.0
-118.8,0.0,0.0,0.0
-118.6,0.0,0.0,0.0
-118.4,0.0,0.0,0.0
-118.2,0.0,0.0,0.0
-118.0,0.0,0.0,0.0
-117.8,0.0,0.0,0.0
-117.6,0.00899138265675,0.0,0.0
-117.4,0.065267595454,0.0,0.0
-117.2,0.119620923725,0.0,0.0
-117.0,0.172082096221,0.0,0.0
-116.8,0.222681841692,0.0,0.0
-116.6,0.27145088889,0.0,0.0
-116.4,0.318419966565,0.0,0.0
-116.2,0.363619803468,0.0,0.0
-116.0,0.407081128349,0.0,0.0
-115.8,0.448834669959,0.0,0.0
-115.6,0.488911157049,0.0,0.0
-115.4,0.52734131837,0.0,0.0
-115.2,0.564155882671,0.0556947404355,0.0
-115.0,0.599385578705,0.119807359483,0.0
-114.8,0.633061135222,0.181373070824,0.0
-114.6,0.665213280972,0.240438736733,0.0
-114.4,0.695872744706,0.297051219485,0.0
-114.2,0.725070255174,0.351257381353,0.0
-114.0,0.752836541128,0.403104084611,0.0
-113.8,0.779202331318,0.452638191534,0.0
-113.6,0.804198354495,0.499906564396,0.0478629049994
-113.4,0.82785533941,0.544956065471,0.113760553922
-113.2,0.850204014813,0.587833557035,0.176847326944
-113.0,0.871275109455,0.62858590136,0.237179808166
-112.8,0.891099352086,0.66725996072,0.294814581687
-112.6,0.909707471458,0.703902597392,0.349808231608
-112.4,0.927130196321,0.738560673648,0.402217342027
-112.2,0.943398255425,0.771281051762,0.452098497042
-112.0,0.958542377523,0.802110594009,0.499508280755
-111.8,0.972593291364,0.831096162665,0.544503277266
-111.6,0.985581725698,0.858284620001,0.587140070672
-111.4,0.997538409277,0.883722828293,0.627475245073
-111.2,1.0,0.907457649814,0.66556538457
-111.0,1.0,0.92953594684,0.701467073261
-110.8,1.0,0.950004581645,0.735236895244
-110.6,1.0,0.968910416502,0.766931434623
-110.4,1.0,0.986300313686,0.796607275493
-110.2,1.0,1.0,0.824321001956
-110.0,1.0,1.0,0.85012919811
-109.8,1.0,1.0,0.874088448055
-109.6,1.0,1.0,0.896255335891
-109.4,1.0,1.0,0.916686445717
-109.2,1.0,1.0,0.935438361631
-109.0,1.0,1.0,0.952567667736
-108.8,1.0,1.0,0.968130948128
-108.6,1.0,1.0,0.982184786909
-108.4,1.0,1.0,0.994785768176
-108.2,1.0,1.0,1.0
-108.0,1.0,1.0,1.0
-107.8,1.0,1.0,1.0
-107.6,1.0,1.0,1.0
-107.4,1.0,1.0,1.0
-107.2,1.0,1.0,1.0
-107.0,1.0,1.0,1.0
-106.8,1.0,1.0,1.0
-106.6,1.0,1.0,1.0
-106.4,1.0,1.0,1.0
-106.2,1.0,1.0,1.0
-106.0,1.0,1.0,1.0
-105.8,1.0,1.0,1.0
-105.6,1.0,1.0,1.0
-105.4,1.0,1.0,1.0
-105.2,1.0,1.0,1.0
-105.0,1.0,1.0,1.0
-104.8,1.0,1.0,1.0
-104.6,1.0,1.0,1.0
-104.4,1.0,1.0,1.0
-104.2,1.0,1.0,1.0
-104.0,1.0,1.0,1.0
-103.8,1.0,1.0,1.0
-103.6,1.0,1.0,1.0
-103.4,1.0,1.0,1.0
-103.2,1.0,1.0,1.0
-103.0,1.0,1.0,1.0
-102.8,1.0,1.0,1.0
-102.6,1.0,1.0,1.0
-102.4,1.0,1.0,1.0
-102.2,1.0,1.0,1.0
-102.0,1.0,1.0,1.0
-101.8,1.0,1.0,1.0
-101.6,1.0,1.0,1.0
-101.4,1.0,1.0,1.0
-101.2,1.0,1.0,1.0
-101.0,1.0,1.0,1.0
-100.8,1.0,1.0,1.0
-100.6,1.0,1.0,1.0
-100.4,1.0,1.0,1.0
-100.2,1.0,1.0,1.0
-100.0,1.0,1.0,1.0
-99.8,1.0,1.0,1.0
-99.6,1.0,1.0,1.0
-99.4,1.0,1.0,1.0
-99.2,1.0,1.0,1.0
-99.0,1.0,1.0,1.0
-98.8,1.0,1.0,1.0
-98.6,1.0,1.0,1.0
-98.4,1.0,1.0,1.0
-98.2,1.0,1.0,1.0
-98.0,1.0,1.0,1.0
-97.8,1.0,1.0,1.0
-97.6,1.0,1.0,1.0
-97.4,1.0,1.0,1.0
-97.2,1.0,1.0,1.0
-97.0,1.0,1.0,1.0
-96.8,1.0,1.0,1.0
-96.6,1.0,1.0,1.0
-96.4,1.0,1.0,1.0
-96.2,1.0,1.0,1.0
-96.0,1.0,1.0,1.0
-95.8,1.0,1.0,1.0
-95.6,1.0,1.0,1.0
-95.4,1.0,1.0,1.0
-95.2,1.0,1.0,1.0
signal,QPSK_12_FR_2,QPSK_12,QPSK_34
-120.0,0.0,0.0,0.0
-119.8,0.0,0.0,0.0
-119.6,0.0,0.0,0.0
-119.4,0.0,0.0,0.0
-119.2,0.0,0.0,0.0
-119.0,0.0,0.0,0.0
-118.8,0.0,0.0,0.0
-118.6,0.0,0.0,0.0
-118.4,0.0,0.0,0.0
-118.2,0.0,0.0,0.0
-118.0,0.0,0.0,0.0
-117.8,0.0,0.0,0.0
-117.6,0.00899138265675,0.0,0.0
-117.4,0.065267595454,0.0,0.0
-117.2,0.119620923725,0.0,0.0
-117.0,0.172082096221,0.0,0.0
-116.8,0.222681841692,0.0,0.0
-116.6,0.27145088889,0.0,0.0
-116.4,0.318419966565,0.0,0.0
-116.2,0.363619803468,0.0,0.0
-116.0,0.407081128349,0.0,0.0
-115.8,0.448834669959,0.0,0.0
-115.6,0.488911157049,0.0,0.0
-115.4,0.52734131837,0.0,0.0
-115.2,0.564155882671,0.0556947404355,0.0
-115.0,0.599385578705,0.119807359483,0.0
-114.8,0.633061135222,0.181373070824,0.0
-114.6,0.665213280972,0.240438736733,0.0
-114.4,0.695872744706,0.297051219485,0.0
-114.2,0.725070255174,0.351257381353,0.0
-114.0,0.752836541128,0.403104084611,0.0
-113.8,0.779202331318,0.452638191534,0.0
-113.6,0.804198354495,0.499906564396,0.0478629049994
-113.4,0.82785533941,0.544956065471,0.113760553922
-113.2,0.850204014813,0.587833557035,0.176847326944
-113.0,0.871275109455,0.62858590136,0.237179808166
-112.8,0.891099352086,0.66725996072,0.294814581687
-112.6,0.909707471458,0.703902597392,0.349808231608
-112.4,0.927130196321,0.738560673648,0.402217342027
-112.2,0.943398255425,0.771281051762,0.452098497042
-112.0,0.958542377523,0.802110594009,0.499508280755
-111.8,0.972593291364,0.831096162665,0.544503277266
-111.6,0.985581725698,0.858284620001,0.587140070672
-111.4,0.997538409277,0.883722828293,0.627475245073
-111.2,1.0,0.907457649814,0.66556538457
-111.0,1.0,0.92953594684,0.701467073261
-110.8,1.0,0.950004581645,0.735236895244
-110.6,1.0,0.968910416502,0.766931434623
-110.4,1.0,0.986300313686,0.796607275493
-110.2,1.0,1.0,0.824321001956
-110.0,1.0,1.0,0.85012919811
-109.8,1.0,1.0,0.874088448055
-109.6,1.0,1.0,0.896255335891
-109.4,1.0,1.0,0.916686445717
-109.2,1.0,1.0,0.935438361631
-109.0,1.0,1.0,0.952567667736
-108.8,1.0,1.0,0.968130948128
-108.6,1.0,1.0,0.982184786909
-108.4,1.0,1.0,0.994785768176
-108.2,1.0,1.0,1.0
-108.0,1.0,1.0,1.0
-107.8,1.0,1.0,1.0
-107.6,1.0,1.0,1.0
-107.4,1.0,1.0,1.0
-107.2,1.0,1.0,1.0
-107.0,1.0,1.0,1.0
-106.8,1.0,1.0,1.0
-106.6,1.0,1.0,1.0
-106.4,1.0,1.0,1.0
-106.2,1.0,1.0,1.0
-106.0,1.0,1.0,1.0
-105.8,1.0,1.0,1.0
-105.6,1.0,1.0,1.0
-105.4,1.0,1.0,1.0
-105.2,1.0,1.0,1.0
-105.0,1.0,1.0,1.0
-104.8,1.0,1.0,1.0
-104.6,1.0,1.0,1.0
-104.4,1.0,1.0,1.0
-104.2,1.0,1.0,1.0
-104.0,1.0,1.0,1.0
-103.8,1.0,1.0,1.0
-103.6,1.0,1.0,1.0
-103.4,1.0,1.0,1.0
-103.2,1.0,1.0,1.0
-103.0,1.0,1.0,1.0
-102.8,1.0,1.0,1.0
-102.6,1.0,1.0,1.0
-102.4,1.0,1.0,1.0
-102.2,1.0,1.0,1.0
-102.0,1.0,1.0,1.0
-101.8,1.0,1.0,1.0
-101.6,1.0,1.0,1.0
-101.4,1.0,1.0,1.0
-101.2,1.0,1.0,1.0
-101.0,1.0,1.0,1.0
-100.8,1.0,1.0,1.0
-100.6,1.0,1.0,1.0
-100.4,1.0,1.0,1.0
-100.2,1.0,1.0,1.0
-100.0,1.0,1.0,1.0
-99.8,1.0,1.0,1.0
-99.6,1.0,1.0,1.0
-99.4,1.0,1.0,1.0
-99.2,1.0,1.0,1.0
-99.0,1.0,1.0,1.0
-98.8,1.0,1.0,1.0
-98.6,1.0,1.0,1.0
-98.4,1.0,1.0,1.0
-98.2,1.0,1.0,1.0
-98.0,1.0,1.0,1.0
-97.8,1.0,1.0,1.0
-97.6,1.0,1.0,1.0
-97.4,1.0,1.0,1.0
-97.2,1.0,1.0,1.0
-97.0,1.0,1.0,1.0
-96.8,1.0,1.0,1.0
-96.6,1.0,1.0,1.0
-96.4,1.0,1.0,1.0
-96.2,1.0,1.0,1.0
-96.0,1.0,1.0,1.0
-95.8,1.0,1.0,1.0
-95.6,1.0,1.0,1.0
-95.4,1.0,1.0,1.0
-95.2,1.0,1.0,1.0
signal,QPSK_12_FR_2,QPSK_12,QPSK_34
-120.0,0.0,0.0,0.0
-119.8,0.0,0.0,0.0
-119.6,0.0,0.0,0.0
-119.4,0.0,0.0,0.0
-119.2,0.0,0.0,0.0
-119.0,0.0,0.0,0.0
-118.8,0.0,0.0,0.0
-118.6,0.0,0.0,0.0
-118.4,0.0,0.0,0.0
-118.2,0.0,0.0,0.0
-118.0,0.0,0.0,0.0
-117.8,0.0,0.0,0.0
-117.6,0.00899138265675,0.0,0.0
-117.4,0.065267595454,0.0,0.0
-117.2,0.119620923725,0.0,0.0
-117.0,0.172082096221,0.0,0.0
-116.8,0.222681841692,0.0,0.0
-116.6,0.27145088889,0.0,0.0
-116.4,0.318419966565,0.0,0.0
-116.2,0.363619803468,0.0,0.0
-116.0,0.407081128349,0.0,0.0
-115.8,0.448834669959,0.0,0.0
-115.6,0.488911157049,0.0,0.0
-115.4,0.52734131837,0.0,0.0
-115.2,0.564155882671,0.0556947404355,0.0
-115.0,0.599385578705,0.119807359483,0.0
-114.8,0.633061135222,0.181373070824,0.0
-114.6,0.665213280972,0.240438736733,0.0
-114.4,0.695872744706,0.297051219485,0.0
-114.2,0.725070255174,0.351257381353,0.0
-114.0,0.752836541128,0.403104084611,0.0
-113.8,0.779202331318,0.452638191534,0.0
-113.6,0.804198354495,0.499906564396,0.0478629049994
-113.4,0.82785533941,0.544956065471,0.113760553922
-113.2,0.850204014813,0.587833557035,0.176847326944
-113.0,0.871275109455,0.62858590136,0.237179808166
-112.8,0.891099352086,0.66725996072,0.294814581687
-112.6,0.909707471458,0.703902597392,0.349808231608
-112.4,0.927130196321,0.738560673648,0.402217342027
-112.2,0.943398255425,0.771281051762,0.452098497042
-112.0,0.958542377523,0.802110594009,0.499508280755
-111.8,0.972593291364,0.831096162665,0.544503277266
-111.6,0.985581725698,0.858284620001,0.587140070672
-111.4,0.997538409277,0.883722828293,0.627475245073
-111.2,1.0,0.907457649814,0.66556538457
-111.0,1.0,0.92953594684,0.701467073261
-110.8,1.0,0.950004581645,0.735236895244
-110.6,1.0,0.968910416502,0.766931434623
-110.4,1.0,0.986300313686,0.796607275493
-110.2,1.0,1.0,0.824321001956
-110.0,1.0,1.0,0.85012919811
-109.8,1.0,1.0,0.874088448055
-109.6,1.0,1.0,0.896255335891
-109.4,1.0,1.0,0.916686445717
-109.2,1.0,1.0,0.935438361631
-109.0,1.0,1.0,0.952567667736
-108.8,1.0,1.0,0.968130948128
-108.6,1.0,1.0,0.982184786909
-108.4,1.0,1.0,0.994785768176
-108.2,1.0,1.0,1.0
-108.0,1.0,1.0,1.0
-107.8,1.0,1.0,1.0
-107.6,1.0,1.0,1.0
-107.4,1.0,1.0,1.0
-107.2,1.0,1.0,1.0
-107.0,1.0,1.0,1.0
-106.8,1.0,1.0,1.0
-106.6,1.0,1.0,1.0
-106.4,1.0,1.0,1.0
-106.2,1.0,1.0,1.0
-106.0,1.0,1.0,1.0
-105.8,1.0,1.0,1.0
-105.6,1.0,1.0,1.0
-105.4,1.0,1.0,1.0
-105.2,1.0,1.0,1.0
-105.0,1.0,1.0,1.0
-104.8,1.0,1.0,1.0
-104.6,1.0,1.0,1.0
-104.4,1.0,1.0,1.0
-104.2,1.0,1.0,1.0
-104.0,1.0,1.0,1.0
-103.8,1.0,1.0,1.0
-103.6,1.0,1.0,1.0
-103.4,1.0,1.0,1.0
-103.2,1.0,1.0,1.0
-103.0,1.0,1.0,1.0
-102.8,1.0,1.0,1.0
-102.6,1.0,1.0,1.0
-102.4,1.0,1.0,1.0
-102.2,1.0,1.0,1.0
-102.0,1.0,1.0,1.0
-101.8,1.0,1.0,1.0
-101.6,1.0,1.0,1.0
-101.4,1.0,1.0,1.0
-101.2,1.0,1.0,1.0
-101.0,1.0,1.0,1.0
-100.8,1.0,1.0,1.0
-100.6,1.0,1.0,1.0
-100.4,1.0,1.0,1.0
-100.2,1.0,1.0,1.0
-100.0,1.0,1.0,1.0
-99.8,1.0,1.0,1.0
-99.6,1.0,1.0,1.0
-99.4,1.0,1.0,1.0
-99.2,1.0,1.0,1.0
-99.0,1.0,1.0,1.0
-98.8,1.0,1.0,1.0
-98.6,1.0,1.0,1.0
-98.4,1.0,1.0,1.0
-98.2,1.0,1.0,1.0
-98.0,1.0,1.0,1.0
-97.8,1.0,1.0,1.0
-97.6,1.0,1.0,1.0
-97.4,1.0,1.0,1.0
-97.2,1.0,1.0,1.0
-97.0,1.0,1.0,1.0
-96.8,1.0,1.0,1.0
-96.6,1.0,1.0,1.0
-96.4,1.0,1.0,1.0
-96.2,1.0,1.0,1.0
-96.0,1.0,1.0,1.0
-95.8,1.0,1.0,1.0
-95.6,1.0,1.0,1.0
-95.4,1.0,1.0,1.0
-95.2,1.0,1.0,1.0
signal,QPSK_12_FR_2,QPSK_12,QPSK_34
-120.0,0.0,0.0,0.0
-119.8,0.0,0.0,0.0
-119.6,0.0,0.0,0.0
-119.4,0.0,0.0,0.0
-119.2,0.0,0.0,0.0
-119.0,0.0,0.0,0.0
-118.8,0.0,0.0,0.0
-118.6,0.0,0.0,0.0
-118.4,0.0,0.0,0.0
-118.2,0.0,0.0,0.0
-118.0,0.0,0.0,0.0
-117.8,0.0,0.0,0.0
-117.6,0.00899138265675,0.0,0.0
-117.4,0.065267595454,0.0,0.0
-117.2,0.119620923725,0.0,0.0
-117.0,0.172082096221,0.0,0.0
-116.8,0.222681841692,0.0,0.0
-116.6,0.27145088889,0.0,0.0
-116.4,0.318419966565,0.0,0.0
-116.2,0.363619803468,0.0,0.0
-116.0,0.407081128349,0.0,0.0
-115.8,0.448834669959,0.0,0.0
-115.6,0.488911157049,0.0,0.0
-115.4,0.52734131837,0.0,0.0
-115.2,0.564155882671,0.0556947404355,0.0
-115.0,0.599385578705,0.119807359483,0.0
-114.8,0.633061135222,0.181373070824,0.0
-114.6,0.665213280972,0.240438736733,0.0
-114.4,0.695872744706,0.297051219485,0.0
-114.2,0.725070255174,0.351257381353,0.0
-114.0,0.752836541128,0.403104084611,0.0
-113.8,0.779202331318,0.452638191534,0.0
-113.6,0.804198354495,0.499906564396,0.0478629049994
-113.4,0.82785533941,0.544956065471,0.113760553922
-113.2,0.850204014813,0.587833557035,0.176847326944
-113.0,0.871275109455,0.62858590136,0.237179808166
-112.8,0.891099352086,0.66725996072,0.294814581687
-112.6,0.909707471458,0.703902597392,0.349808231608
-112.4,0.927130196321,0.738560673648,0.402217342027
-112.2,0.943398255425,0.771281051762,0.452098497042
-112.0,0.958542377523,0.802110594009,0.499508280755
-111.8,0.972593291364,0.831096162665,0.544503277266
-111.6,0.985581725698,0.858284620001,0.587140070672
-111.4,0.997538409277,0.883722828293,0.627475245073
-111.2,1.0,0.907457649814,0.66556538457
-111.0,1.0,0.92953594684,0.701467073261
-110.8,1.0,0.950004581645,0.735236895244
-110.6,1.0,0.968910416502,0.766931434623
-110.4,1.0,0.986300313686,0.796607275493
-110.2,1.0,1.0,0.824321001956
-110.0,1.0,1.0,0.85012919811
-109.8,1.0,1.0,0.874088448055
-109.6,1.0,1.0,0.896255335891
-109.4,1.0,1.0,0.916686445717
-109.2,1.0,1.0,0.935438361631
-109.0,1.0,1.0,0.952567667736
-108.8,1.0,1.0,0.968130948128
-108.6,1.0,1.0,0.982184786909
-108.4,1.0,1.0,0.994785768176
-108.2,1.0,1.0,1.0
-108.0,1.0,1.0,1.0
-107.8,1.0,1.0,1.0
-107.6,1.0,1.0,1.0
-107.4,1.0,1.0,1.0
-107.2,1.0,1.0,1.0
-107.0,1.0,1.0,1.0
-106.8,1.0,1.0,1.0
-106.6,1.0,1.0,1.0
-106.4,1.0,1.0,1.0
-106.2,1.0,1.0,1.0
-106.0,1.0,1.0,1.0
-105.8,1.0,1.0,1.0
-105.6,1.0,1.0,1.0
-105.4,1.0,1.0,1.0
-105.2,1.0,1.0,1.0
-105.0,1.0,1.0,1.0
-104.8,1.0,1.0,1.0
-104.6,1.0,1.0,1.0
-104.4,1.0,1.0,1.0
-104.2,1.0,1.0,1.0
-104.0,1.0,1.0,1.0
-103.8,1.0,1.0,1.0
-103.6,1.0,1.0,1.0
-103.4,1.0,1.0,1.0
-103.2,1.0,1.0,1.0
-103.0,1.0,1.0,1.0
-102.8,1.0,1.0,1.0
-102.6,1.0,1.0,1.0
-102.4,1.0,1.0,1.0
-102.2,1.0,1.0,1.0
-102.0,1.0,1.0,1.0
-101.8,1.0,1.0,1.0
-101.6,1.0,1.0,1.0
-101.4,1.0,1.0,1.0
-101.2,1.0,1.0,1.0
-101.0,1.0,1.0,1.0
-100.8,1.0,1.0,1.0
-100.6,1.0,1.0,1.0
-100.4,1.0,1.0,1.0
-100.2,1.0,1.0,1.0
-100.0,1.0,1.0,1.0
-99.8,1.0,1.0,1.0
-99.6,1.0,1.0,1.0
-99.4,1.0,1.0,1.0
-99.2,1.0,1.0,1.0
-99.0,1.0,1.0,1.0
-98.8,1.0,1.0,1.0
-98.6,1.0,1.0,1.0
-98.4,1.0,1.0,1.0
-98.2,1.0,1.0,1.0
-98.0,1.0,1.0,1.0
-97.8,1.0,1.0,1.0
-97.6,1.0,1.0,1.0
-97.4,1.0,1.0,1.0
-97.2,1.0,1.0,1.0
-97.0,1.0,1.0,1.0
-96.8,1.0,1.0,1.0
-96.6,1.0,1.0,1.0
-96.4,1.0,1.0,1.0
-96.2,1.0,1.0,1.0
-96.0,1.0,1.0,1.0
-95.8,1.0,1.0,1.0
-95.6,1.0,1.0,1.0
-95.4,1.0,1.0,1.0
-95.2,1.0,1.0,1.0
signal,QPSK_12_FR_2,QPSK_12,QPSK_34
-120.0,0.0,0.0,0.0
-119.8,0.0,0.0,0.0
-119.6,0.0,0.0,0.0
-119.4,0.0,0.0,0.0
-119.2,0.0,0.0,0.0
-119.0,0.0,0.0,0.0
-118.8,0.0,0.0,0.0
-118.6,0.0,0.0,0.0
-118.4,0.0,0.0,0.0
-118.2,0.0,0.0,0.0
-118.0,0.0,0.0,0.0
-117.8,0.0,0.0,0.0
-117.6,0.00899138265675,0.0,0.0
-117.4,0.065267595454,0.0,0.0
-117.2,0.119620923725,0.0,0.0
-117.0,0.172082096221,0.0,0.0
-116.8,0.222681841692,0.0,0.0
-116.6,0.27145088889,0.0,0.0
-116.4,0.318419966565,0.0,0.0
-116.2,0.363619803468,0.0,0.0
-116.0,0.407081128349,0.0,0.0
-115.8,0.448834669959,0.0,0.0
-115.6,0.488911157049,0.0,0.0
-115.4,0.52734131837,0.0,0.0
-115.2,0.564155882671,0.0556947404355,0.0
-115.0,0.599385578705,0.119807359483,0.0
-114.8,0.633061135222,0.181373070824,0.0
-114.6,0.665213280972,0.240438736733,0.0
-114.4,0.695872744706,0.297051219485,0.0
-114.2,0.725070255174,0.351257381353,0.0
-114.0,0.752836541128,0.403104084611,0.0
-113.8,0.779202331318,0.452638191534,0.0
-113.6,0.804198354495,0.499906564396,0.0478629049994
-113.4,0.82785533941,0.544956065471,0.113760553922
-113.2,0.850204014813,0.587833557035,0.176847326944
-113.0,0.871275109455,0.62858590136,0.237179808166
-112.8,0.891099352086,0.66725996072,0.294814581687
-112.6,0.909707471458,0.703902597392,0.349808231608
-112.4,0.927130196321,0.738560673648,0.402217342027
-112.2,0.943398255425,0.771281051762,0.452098497042
-112.0,0.958542377523,0.802110594009,0.499508280755
-111.8,0.972593291364,0.831096162665,0.544503277266
-111.6,0.985581725698,0.858284620001,0.587140070672
-111.4,0.997538409277,0.883722828293,0.627475245073
-111.2,1.0,0.907457649814,0.66556538457
-111.0,1.0,0.92953594684,0.701467073261
-110.8,1.0,0.950004581645,0.735236895244
-110.6,1.0,0.968910416502,0.766931434623
-110.4,1.0,0.986300313686,0.796607275493
-110.2,1.0,1.0,0.824321001956
-110.0,1.0,1.0,0.85012919811
-109.8,1.0,1.0,0.874088448055
-109.6,1.0,1.0,0.896255335891
-109.4,1.0,1.0,0.916686445717
-109.2,1.0,1.0,0.935438361631
-109.0,1.0,1.0,0.952567667736
-108.8,1.0,1.0,0.968130948128
-108.6,1.0,1.0,0.982184786909
-108.4,1.0,1.0,0.994785768176
-108.2,1.0,1.0,1.0
-108.0,1.0,1.0,1.0
-107.8,1.0,1.0,1.0
-107.6,1.0,1.0,1.0
-107.4,1.0,1.0,1.0
-107.2,1.0,1.0,1.0
-107.0,1.0,1.0,1.0
-106.8,1.0,1.0,1.0
-106.6,1.0,1.0,1.0
-106.4,1.0,1.0,1.0
-106.2,1.0,1.0,1.0
-106.0,1.0,1.0,1.0
-105.8,1.0,1.0,1.0
-105.6,1.0,1.0,1.0
-105.4,1.0,1.0,1.0
-105.2,1.0,1.0,1.0
-105.0,1.0,1.0,1.0
-104.8,1.0,1.0,1.0
-104.6,1.0,1.0,1.0
-104.4,1.0,1.0,1.0
-104.2,1.0,1.0,1.0
-104.0,1.0,1.0,1.0
-103.8,1.0,1.0,1.0
-103.6,1.0,1.0,1.0
-103.4,1.0,1.0,1.0
-103.2,1.0,1.0,1.0
-103.0,1.0,1.0,1.0
-102.8,1.0,1.0,1.0
-102.6,1.0,1.0,1.0
-102.4,1.0,1.0,1.0
-102.2,1.0,1.0,1.0
-102.0,1.0,1.0,1.0
-101.8,1.0,1.0,1.0
-101.6,1.0,1.0,1.0
-101.4,1.0,1.0,1.0
-101.2,1.0,1.0,1.0
-101.0,1.0,1.0,1.0
-100.8,1.0,1.0,1.0
-100.6,1.0,1.0,1.0
-100.4,1.0,1.0,1.0
-100.2,1.0,1.0,1.0
-100.0,1.0,1.0,1.0
-99.8,1.0,1.0,1.0
-99.6,1.0,1.0,1.0
-99.4,1.0,1.0,1.0
-99.2,1.0,1.0,1.0
-99.0,1.0,1.0,1.0
-98.8,1.0,1.0,1.0
-98.6,1.0,1.0,1.0
-98.4,1.0,1.0,1.0
-98.2,1.0,1.0,1.0
-98.0,1.0,1.0,1.0
-97.8,1.0,1.0,1.0
-97.6,1.0,1.0,1.0
-97.4,1.0,1.0,1.0
-97.2,1.0,1.0,1.0
-97.0,1.0,1.0,1.0
-96.8,1.0,1.0,1.0
-96.6,1.0,1.0,1.0
-96.4,1.0,1.0,1.0
-96.2,1.0,1.0,1.0
-96.0,1.0,1.0,1.0
-95.8,1.0,1.0,1.0
-95.6,1.0,1.0,1.0
-95.4,1.0,1.0,1.0
-95.2,1.0,1.0,1.0
signal,QPSK_12_FR_2,QPSK_12,QPSK_34
-120.0,0.0,0.0,0.0
-119.8,0.0,0.0,0.0
-119.6,0.0,0.0,0.0
-119.4,0.0,0.0,0.0
-119.2,0.0,0.0,0.0
-119.0,0.0,0.0,0.0
-118.8,0.0,0.0,0.0
-118.6,0.0,0.0,0.0
-118.4,0.0,0.0,0.0
-118.2,0.0,0.0,0.0
-118.0,0.0,0.0,0.0
-117.8,0.0,0.0,0.0
-117.6,0.00899138265675,0.0,0.0
-117.4,0.065267595454,0.0,0.0
-117.2,0.119620923725,0.0,0.0
-117.0,0.172082096221,0.0,0.0
-116.8,0.222681841692,0.0,0.0
-116.6,0.27145088889,0.0,0.0
-116.4,0.318419966565,0.0,0.0
-116.2,0.363619803468,0.0,0.0
-116.0,0.407081128349,0.0,0.0
-115.8,0.448834669959,0.0,0.0
-115.6,0.488911157049,0.0,0.0
-115.4,0.52734131837,0.0,0.0
-115.2,0.564155882671,0.0556947404355,0.0
-115.0,0.599385578705,0.119807359483,0.0
-114.8,0.633061135222,0.181373070824,0.0
-114.6,0.665213280972,0.240438736733,0.0
-114.4,0.695872744706,0.297051219485,0.0
-114.2,0.725070255174,0.351257381353,0.0
-114.0,0.752836541128,0.403104084611,0.0
-113.8,0.779202331318,0.452638191534,0.0
-113.6,0.804198354495,0.499906564396,0.0478629049994
-113.4,0.82785533941,0.544956065471,0.113760553922
-113.2,0.850204014813,0.587833557035,0.176847326944
-113.0,0.871275109455,0.62858590136,0.237179808166
-112.8,0.891099352086,0.66725996072,0.294814581687
-112.6,0.909707471458,0.703902597392,0.349808231608
-112.4,0.927130196321,0.738560673648,0.402217342027
-112.2,0.943398255425,0.771281051762,0.452098497042
-112.0,0.958542377523,0.802110594009,0.499508280755
-111.8,0.972593291364,0.831096162665,0.544503277266
-111.6,0.985581725698,0.858284620001,0.587140070672
-111.4,0.997538409277,0.883722828293,0.627475245073
-111.2,1.0,0.907457649814,0.66556538457
-111.0,1.0,0.92953594684,0.701467073261
-110.8,1.0,0.950004581645,0.735236895244
-110.6,1.0,0.968910416502,0.766931434623
-110.4,1.0,0.986300313686,0.796607275493
-110.2,1.0,1.0,0.824321001956
-110.0,1.0,1.0,0.85012919811
-109.8,1.0,1.0,0.874088448055
-109.6,1.0,1.0,0.896255335891
-109.4,1.0,1.0,0.916686445717
-109.2,1.0,1.0,0.935438361631
-109.0,1.0,1.0,0.952567667736
-108.8,1.0,1.0,0.968130948128
-108.6,1.0,1.0,0.982184786909
-108.4,1.0,1.0,0.994785768176
-108.2,1.0,1.0,1.0
-108.0,1.0,1.0,1.0
-107.8,1.0,1.0,1.0
-107.6,1.0,1.0,1.0
-107.4,1.0,1.0,1.0
-107.2,1.0,1.0,1.0
-107.0,1.0,1.0,1.0
-106.8,1.0,1.0,1.0
-106.6,1.0,1.0,1.0
-106.4,1.0,1.0,1.0
-106.2,1.0,1.0,1.0
-106.0,1.0,1.0,1.0
-105.8,1.0,1.0,1.0
-105.6,1.0,1.0,1.0
-105.4,1.0,1.0,1.0
-105.2,1.0,1.0,1.0
-105.0,1.0,1.0,1.0
-104.8,1.0,1.0,1.0
-104.6,1.0,1.0,1.0
-104.4,1.0,1.0,1.0
-104.2,1.0,1.0,1.0
-104.0,1.0,1.0,1.0
-103.8,1.0,1.0,1.0
-103.6,1.0,1.0,1.0
-103.4,1.0,1.0,1.0
-103.2,1.0,1.0,1.0
-103.0,1.0,1.0,1.0
-102.8,1.0,1.0,1.0
-102.6,1.0,1.0,1.0
-102.4,1.0,1.0,1.0
-102.2,1.0,1.0,1.0
-102.0,1.0,1.0,1.0
-101.8,1.0,1.0,1.0
-101.6,1.0,1.0,1.0
-101.4,1.0,1.0,1.0
-101.2,1.0,1.0,1.0
-101.0,1.0,1.0,1.0
-100.8,1.0,1.0,1.0
-100.6,1.0,1.0,1.0
-100.4,1.0,1.0,1.0
-100.2,1.0,1.0,1.0
-100.0,1.0,1.0,1.0
-99.8,1.0,1.0,1.0
-99.6,1.0,1.0,1.0
-99.4,1.0,1.0,1.0
-99.2,1.0,1.0,1.0
-99.0,1.0,1.0,1.0
-98.8,1.0,1.0,1.0
-98.6,1.0,1.0,1.0
-98.4,1.0,1.0,1.0
-98.2,1.0,1.0,1.0
-98.0,1.0,1.0,1.0
-97.8,1.0,1.0,1.0
-97.6,1.0,1.0,1.0
-97.4,1.0,1.0,1.0
-97.2,1.0,1.0,1.0
-97.0,1.0,1.0,1.0
-96.8,1.0,1.0,1.0
-96.6,1.0,1.0,1.0
-96.4,1.0,1.0,1.0
-96.2,1.0,1.0,1.0
-96.0,1.0,1.0,1.0
-95.8,1.0,1.0,1.0
-95.6,1.0,1.0,1.0
-95.4,1.0,1.0,1.0
-95.2,1.0,1.0,1.0
